order_id,product,product_description,origin,destination,shipping_mode,order_date,delay_days,customer_review
ORDXAJI0Y6,Laptop,Laptop shipped via Air from Ibadan to Kano,Ibadan,Kano,Air,2024-01-31,3,delayed shipment due to weather
ORDHSAHXTH,Monitor,Monitor shipped via Road from Port Harcourt to Lagos,Port Harcourt,Lagos,Road,2025-12-15,2,tracking updates were helpful
ORDMF8MDD4,Monitor,Monitor shipped via Express from Port Harcourt to Lagos,Port Harcourt,Lagos,Express,2025-07-03,4,delayed shipment due to weather
ORD9NT3W5U,Laptop,Laptop shipped via Sea from Lagos to Abuja,Lagos,Abuja,Sea,2024-03-22,6,excellent logistics experience
ORD5NQ4FMY,Laptop,Laptop shipped via Road from Ibadan to Abuja,Ibadan,Abuja,Road,2024-06-16,2,poor handling caused delay
ORDN9XUY41,Shoes,Shoes shipped via Express from Lagos to Port Harcourt,Lagos,Port Harcourt,Express,2024-10-01,2,delayed shipment due to weather
ORDH75LXO6,Camera,Camera shipped via Road from Abuja to Port Harcourt,Abuja,Port Harcourt,Road,2024-09-09,6,smooth and fast shipping process
ORDT0PVN9E,Camera,Camera shipped via Air from Lagos to Lagos,Lagos,Lagos,Air,2024-06-05,4,package arrived damaged
ORD2PCN9T8,Smartphone,Smartphone shipped via Sea from Lagos to Ibadan,Lagos,Ibadan,Sea,2025-10-18,2,on time and well packaged
ORDEPQ85JS,Headphones,Headphones shipped via Sea from Ibadan to Lagos,Ibadan,Lagos,Sea,2025-10-16,4,smooth and fast shipping process
ORDVF1T2TA,Watch,Watch shipped via Air from Kano to Lagos,Kano,Lagos,Air,2025-01-06,2,late delivery caused frustration
ORDIIUC039,Keyboard,Keyboard shipped via Express from Abuja to Abuja,Abuja,Abuja,Express,2025-07-16,2,package arrived damaged
ORDJ5PHT0H,Backpack,Backpack shipped via Express from Kano to Port Harcourt,Kano,Port Harcourt,Express,2025-06-13,3,poor handling caused delay
ORDEIMVIHC,Smartphone,Smartphone shipped via Air from Abuja to Lagos,Abuja,Lagos,Air,2024-12-04,0,delayed shipment due to weather
ORDSKRT05U,Shoes,Shoes shipped via Road from Kano to Kano,Kano,Kano,Road,2024-04-06,0,delayed shipment due to weather
ORDXMO5BXX,Smartphone,Smartphone shipped via Air from Kano to Port Harcourt,Kano,Port Harcourt,Air,2024-09-11,1,excellent logistics experience
ORDGQPKI7P,Keyboard,Keyboard shipped via Air from Lagos to Lagos,Lagos,Lagos,Air,2024-04-05,0,excellent logistics experience
ORDFRHOCN9,Backpack,Backpack shipped via Express from Kano to Port Harcourt,Kano,Port Harcourt,Express,2025-12-14,3,smooth and fast shipping process
ORDXRGHC0C,Watch,Watch shipped via Express from Lagos to Lagos,Lagos,Lagos,Express,2025-05-29,1,smooth and fast shipping process
ORDF8CGVYI,Laptop,Laptop shipped via Air from Ibadan to Abuja,Ibadan,Abuja,Air,2025-09-26,0,delayed shipment due to weather
ORDPVS7HZI,Tablet,Tablet shipped via Express from Abuja to Port Harcourt,Abuja,Port Harcourt,Express,2024-11-19,5,delayed shipment due to weather
ORDAWUDTSE,Watch,Watch shipped via Sea from Lagos to Abuja,Lagos,Abuja,Sea,2024-10-18,2,package arrived damaged
ORDPTK93TY,Keyboard,Keyboard shipped via Road from Port Harcourt to Lagos,Port Harcourt,Lagos,Road,2024-09-27,3,delayed shipment due to weather
ORD60FKHMY,Backpack,Backpack shipped via Sea from Ibadan to Kano,Ibadan,Kano,Sea,2024-02-22,0,delayed shipment due to weather
ORDW3BME9F,Camera,Camera shipped via Air from Ibadan to Kano,Ibadan,Kano,Air,2024-04-24,1,delayed shipment due to weather
ORD8YFBNTP,Smartphone,Smartphone shipped via Air from Port Harcourt to Port Harcourt,Port Harcourt,Port Harcourt,Air,2025-01-01,3,excellent logistics experience
ORDYYMU590,Shoes,Shoes shipped via Express from Abuja to Abuja,Abuja,Abuja,Express,2024-01-26,0,package arrived damaged
ORD0L7253J,Laptop,Laptop shipped via Express from Kano to Lagos,Kano,Lagos,Express,2024-08-15,3,excellent logistics experience
ORD3QK2IAG,Watch,Watch shipped via Sea from Port Harcourt to Lagos,Port Harcourt,Lagos,Sea,2024-12-25,1,smooth and fast shipping process
ORDO9T7E8G,Backpack,Backpack shipped via Express from Lagos to Lagos,Lagos,Lagos,Express,2024-12-19,2,on time and well packaged
ORDP9E6GBP,Keyboard,Keyboard shipped via Sea from Ibadan to Abuja,Ibadan,Abuja,Sea,2025-03-17,1,delayed shipment due to weather
ORD87WXE6S,Tablet,Tablet shipped via Sea from Port Harcourt to Kano,Port Harcourt,Kano,Sea,2025-07-21,6,package arrived damaged
ORDGXN0GUO,Smartphone,Smartphone shipped via Road from Port Harcourt to Port Harcourt,Port Harcourt,Port Harcourt,Road,2025-03-16,2,delivery slower than expected
ORDVLPYS28,Headphones,Headphones shipped via Sea from Lagos to Port Harcourt,Lagos,Port Harcourt,Sea,2024-04-05,0,excellent logistics experience
ORDYIHAIR4,Laptop,Laptop shipped via Road from Kano to Kano,Kano,Kano,Road,2025-12-14,4,tracking updates were helpful
ORDRIXA11D,Tablet,Tablet shipped via Express from Abuja to Abuja,Abuja,Abuja,Express,2024-02-21,0,smooth and fast shipping process
ORDI4Q2Y9V,Camera,Camera shipped via Express from Ibadan to Ibadan,Ibadan,Ibadan,Express,2025-07-15,3,poor handling caused delay
ORD60RJIW1,Keyboard,Keyboard shipped via Sea from Kano to Abuja,Kano,Abuja,Sea,2025-03-26,0,delayed shipment due to weather
ORDZIM6CFN,Headphones,Headphones shipped via Express from Abuja to Lagos,Abuja,Lagos,Express,2025-02-21,0,on time and well packaged
ORDTOHP6VZ,Monitor,Monitor shipped via Air from Kano to Kano,Kano,Kano,Air,2024-12-26,3,late delivery caused frustration
ORD148P0TV,Shoes,Shoes shipped via Sea from Kano to Abuja,Kano,Abuja,Sea,2025-03-22,4,poor handling caused delay
ORDBMYOFQE,Monitor,Monitor shipped via Express from Ibadan to Lagos,Ibadan,Lagos,Express,2025-08-29,3,delivery slower than expected
ORDXDP5GJL,Camera,Camera shipped via Express from Port Harcourt to Port Harcourt,Port Harcourt,Port Harcourt,Express,2024-10-11,2,tracking updates were helpful
ORDJCAT9MX,Smartphone,Smartphone shipped via Road from Lagos to Abuja,Lagos,Abuja,Road,2024-01-21,2,delivery slower than expected
ORDFEYUHZ1,Headphones,Headphones shipped via Air from Ibadan to Ibadan,Ibadan,Ibadan,Air,2024-06-16,0,late delivery caused frustration
ORDDALY8OZ,Laptop,Laptop shipped via Air from Ibadan to Abuja,Ibadan,Abuja,Air,2025-12-14,1,late delivery caused frustration
ORD4VE92MP,Watch,Watch shipped via Sea from Lagos to Ibadan,Lagos,Ibadan,Sea,2024-01-13,2,tracking updates were helpful
ORD3D8W3ZP,Keyboard,Keyboard shipped via Express from Port Harcourt to Ibadan,Port Harcourt,Ibadan,Express,2025-04-21,5,tracking updates were helpful
ORD3VLI7KQ,Camera,Camera shipped via Express from Ibadan to Ibadan,Ibadan,Ibadan,Express,2024-12-10,3,fast delivery and great service
ORDRLRMJKV,Backpack,Backpack shipped via Road from Ibadan to Lagos,Ibadan,Lagos,Road,2024-03-28,0,excellent logistics experience
ORDZR1YXR2,Laptop,Laptop shipped via Express from Port Harcourt to Abuja,Port Harcourt,Abuja,Express,2025-12-09,3,excellent logistics experience
ORDLURTP0L,Camera,Camera shipped via Sea from Port Harcourt to Port Harcourt,Port Harcourt,Port Harcourt,Sea,2024-08-24,2,delayed shipment due to weather
ORDZL08YG0,Backpack,Backpack shipped via Sea from Ibadan to Ibadan,Ibadan,Ibadan,Sea,2024-04-12,1,excellent logistics experience
ORDKMKZEBB,Backpack,Backpack shipped via Air from Abuja to Kano,Abuja,Kano,Air,2024-01-13,4,delivery slower than expected
ORDKRM8J5E,Laptop,Laptop shipped via Air from Kano to Kano,Kano,Kano,Air,2025-08-13,5,fast delivery and great service
ORDF38DIUO,Monitor,Monitor shipped via Express from Ibadan to Abuja,Ibadan,Abuja,Express,2025-04-06,4,poor handling caused delay
ORDKVPUC8D,Shoes,Shoes shipped via Air from Abuja to Port Harcourt,Abuja,Port Harcourt,Air,2024-06-09,1,excellent logistics experience
ORDGCAQVKI,Backpack,Backpack shipped via Road from Kano to Lagos,Kano,Lagos,Road,2024-09-27,2,delivery slower than expected
ORDX7PTX63,Laptop,Laptop shipped via Sea from Lagos to Abuja,Lagos,Abuja,Sea,2025-09-01,3,delivery slower than expected
ORD7PQKOJT,Camera,Camera shipped via Air from Lagos to Ibadan,Lagos,Ibadan,Air,2025-03-18,4,on time and well packaged
ORDVAIY4VA,Backpack,Backpack shipped via Road from Ibadan to Lagos,Ibadan,Lagos,Road,2025-04-26,2,smooth and fast shipping process
ORDX6GVWRD,Watch,Watch shipped via Sea from Kano to Port Harcourt,Kano,Port Harcourt,Sea,2025-11-17,2,delayed shipment due to weather
ORD4LYK83T,Camera,Camera shipped via Sea from Lagos to Port Harcourt,Lagos,Port Harcourt,Sea,2024-11-27,0,delayed shipment due to weather
ORD8OS9XTO,Shoes,Shoes shipped via Express from Ibadan to Port Harcourt,Ibadan,Port Harcourt,Express,2025-10-02,0,poor handling caused delay
ORD1HT7PZE,Monitor,Monitor shipped via Sea from Abuja to Abuja,Abuja,Abuja,Sea,2025-07-18,4,fast delivery and great service
ORDTD96QE3,Camera,Camera shipped via Sea from Port Harcourt to Ibadan,Port Harcourt,Ibadan,Sea,2025-03-01,5,poor handling caused delay
ORD9ITN7S5,Laptop,Laptop shipped via Sea from Port Harcourt to Kano,Port Harcourt,Kano,Sea,2025-06-03,2,late delivery caused frustration
ORD3KKV9RF,Keyboard,Keyboard shipped via Sea from Kano to Port Harcourt,Kano,Port Harcourt,Sea,2025-07-19,5,smooth and fast shipping process
ORDN759IN4,Tablet,Tablet shipped via Express from Lagos to Port Harcourt,Lagos,Port Harcourt,Express,2025-12-23,3,tracking updates were helpful
ORDNX39RBS,Monitor,Monitor shipped via Express from Port Harcourt to Lagos,Port Harcourt,Lagos,Express,2024-04-12,1,smooth and fast shipping process
ORD6AF58C2,Backpack,Backpack shipped via Express from Port Harcourt to Ibadan,Port Harcourt,Ibadan,Express,2025-10-27,3,delayed shipment due to weather
ORD444NLZ1,Keyboard,Keyboard shipped via Air from Lagos to Ibadan,Lagos,Ibadan,Air,2024-08-28,6,late delivery caused frustration
ORD90PDW5P,Backpack,Backpack shipped via Sea from Lagos to Lagos,Lagos,Lagos,Sea,2024-02-27,2,late delivery caused frustration
ORDMPIOYGG,Monitor,Monitor shipped via Road from Kano to Ibadan,Kano,Ibadan,Road,2025-05-24,6,delivery slower than expected
ORDFQJJA26,Keyboard,Keyboard shipped via Express from Abuja to Lagos,Abuja,Lagos,Express,2024-12-19,0,delivery slower than expected
ORDK8YQK94,Laptop,Laptop shipped via Sea from Abuja to Kano,Abuja,Kano,Sea,2025-08-11,4,late delivery caused frustration
ORD9K9XJUY,Smartphone,Smartphone shipped via Sea from Ibadan to Kano,Ibadan,Kano,Sea,2024-08-23,3,delivery slower than expected
ORD2HGJ11Y,Headphones,Headphones shipped via Sea from Lagos to Lagos,Lagos,Lagos,Sea,2025-03-27,2,fast delivery and great service
ORDU0DK0GE,Keyboard,Keyboard shipped via Sea from Port Harcourt to Ibadan,Port Harcourt,Ibadan,Sea,2024-06-17,3,late delivery caused frustration
ORD678K52Q,Laptop,Laptop shipped via Express from Abuja to Abuja,Abuja,Abuja,Express,2025-07-24,0,on time and well packaged
ORDDOJEN0J,Tablet,Tablet shipped via Road from Port Harcourt to Lagos,Port Harcourt,Lagos,Road,2025-04-27,2,fast delivery and great service
ORDW7LVXWQ,Backpack,Backpack shipped via Road from Kano to Lagos,Kano,Lagos,Road,2024-02-16,3,fast delivery and great service
ORDKRD5EQY,Keyboard,Keyboard shipped via Road from Kano to Ibadan,Kano,Ibadan,Road,2025-02-28,5,delayed shipment due to weather
ORD4W7KYHQ,Shoes,Shoes shipped via Sea from Port Harcourt to Lagos,Port Harcourt,Lagos,Sea,2025-07-11,1,on time and well packaged
ORDCJ883DH,Monitor,Monitor shipped via Sea from Lagos to Lagos,Lagos,Lagos,Sea,2024-09-06,1,package arrived damaged
ORD2H3TV3I,Headphones,Headphones shipped via Sea from Ibadan to Lagos,Ibadan,Lagos,Sea,2024-05-28,1,package arrived damaged
ORDT2D5EM2,Monitor,Monitor shipped via Road from Port Harcourt to Lagos,Port Harcourt,Lagos,Road,2024-09-28,4,fast delivery and great service
ORDEPECQNV,Camera,Camera shipped via Air from Ibadan to Abuja,Ibadan,Abuja,Air,2025-11-05,3,smooth and fast shipping process
ORDKXB94PD,Camera,Camera shipped via Sea from Lagos to Lagos,Lagos,Lagos,Sea,2025-09-14,1,package arrived damaged
ORDCJWTL9T,Camera,Camera shipped via Express from Ibadan to Ibadan,Ibadan,Ibadan,Express,2024-04-11,4,delayed shipment due to weather
ORD4X1ZHQI,Watch,Watch shipped via Express from Kano to Kano,Kano,Kano,Express,2024-04-07,3,on time and well packaged
ORDPXNF7C3,Laptop,Laptop shipped via Sea from Kano to Lagos,Kano,Lagos,Sea,2024-05-13,4,smooth and fast shipping process
ORDC8UYO57,Tablet,Tablet shipped via Sea from Lagos to Port Harcourt,Lagos,Port Harcourt,Sea,2024-12-26,1,delayed shipment due to weather
ORDUHXID4N,Backpack,Backpack shipped via Express from Ibadan to Abuja,Ibadan,Abuja,Express,2025-07-28,2,delivery slower than expected
ORDWXA73JG,Backpack,Backpack shipped via Air from Port Harcourt to Port Harcourt,Port Harcourt,Port Harcourt,Air,2024-07-04,2,package arrived damaged
ORDUOFWB0H,Tablet,Tablet shipped via Road from Kano to Port Harcourt,Kano,Port Harcourt,Road,2025-01-13,0,late delivery caused frustration
ORDZ1UDBFW,Laptop,Laptop shipped via Express from Port Harcourt to Kano,Port Harcourt,Kano,Express,2025-05-12,3,delivery slower than expected
ORDPJ1EPKY,Camera,Camera shipped via Air from Ibadan to Port Harcourt,Ibadan,Port Harcourt,Air,2024-08-13,3,tracking updates were helpful
ORD9BH811K,Laptop,Laptop shipped via Express from Lagos to Kano,Lagos,Kano,Express,2024-06-28,3,package arrived damaged
ORDNZS43C5,Smartphone,Smartphone shipped via Express from Kano to Lagos,Kano,Lagos,Express,2024-03-20,2,on time and well packaged
ORDUUZPEAL,Monitor,Monitor shipped via Air from Kano to Port Harcourt,Kano,Port Harcourt,Air,2025-03-23,0,delayed shipment due to weather
ORDIVSOLML,Headphones,Headphones shipped via Air from Lagos to Ibadan,Lagos,Ibadan,Air,2025-06-27,2,smooth and fast shipping process
ORDG1M8XFD,Backpack,Backpack shipped via Road from Abuja to Abuja,Abuja,Abuja,Road,2025-11-02,2,delayed shipment due to weather
ORDG1R11Q7,Monitor,Monitor shipped via Sea from Ibadan to Port Harcourt,Ibadan,Port Harcourt,Sea,2024-06-03,1,poor handling caused delay
ORDCPKJCSL,Camera,Camera shipped via Sea from Lagos to Lagos,Lagos,Lagos,Sea,2024-10-20,2,delayed shipment due to weather
ORDX9DVNU8,Smartphone,Smartphone shipped via Road from Kano to Ibadan,Kano,Ibadan,Road,2024-11-25,3,delivery slower than expected
ORDRFCD6MZ,Keyboard,Keyboard shipped via Road from Abuja to Lagos,Abuja,Lagos,Road,2025-12-25,6,poor handling caused delay
ORD9SVN7N1,Monitor,Monitor shipped via Air from Lagos to Port Harcourt,Lagos,Port Harcourt,Air,2024-12-03,3,delayed shipment due to weather
ORDUNJ48VF,Laptop,Laptop shipped via Sea from Ibadan to Abuja,Ibadan,Abuja,Sea,2024-11-13,3,tracking updates were helpful
ORDEZDUXLE,Keyboard,Keyboard shipped via Sea from Lagos to Kano,Lagos,Kano,Sea,2024-01-19,2,on time and well packaged
ORDL8M1G9F,Backpack,Backpack shipped via Air from Lagos to Ibadan,Lagos,Ibadan,Air,2025-11-08,0,on time and well packaged
ORD5WVFGYW,Headphones,Headphones shipped via Express from Kano to Lagos,Kano,Lagos,Express,2025-01-08,2,excellent logistics experience
ORD8V12II8,Camera,Camera shipped via Express from Abuja to Port Harcourt,Abuja,Port Harcourt,Express,2025-04-17,3,late delivery caused frustration
ORD2SPFHV5,Smartphone,Smartphone shipped via Air from Kano to Port Harcourt,Kano,Port Harcourt,Air,2025-12-29,7,smooth and fast shipping process
ORD4K1J6FP,Shoes,Shoes shipped via Air from Kano to Port Harcourt,Kano,Port Harcourt,Air,2025-02-28,2,fast delivery and great service
ORDONNCILD,Watch,Watch shipped via Air from Abuja to Abuja,Abuja,Abuja,Air,2024-10-20,3,poor handling caused delay
ORDZEZQACJ,Headphones,Headphones shipped via Express from Ibadan to Ibadan,Ibadan,Ibadan,Express,2024-04-23,2,late delivery caused frustration
ORDIEIXWC4,Camera,Camera shipped via Air from Ibadan to Ibadan,Ibadan,Ibadan,Air,2025-10-09,0,smooth and fast shipping process
ORDUZKAMUG,Laptop,Laptop shipped via Air from Ibadan to Port Harcourt,Ibadan,Port Harcourt,Air,2025-06-22,5,smooth and fast shipping process
ORDS9TOQW9,Backpack,Backpack shipped via Air from Lagos to Port Harcourt,Lagos,Port Harcourt,Air,2024-12-19,4,excellent logistics experience
ORD0W10LBT,Headphones,Headphones shipped via Road from Kano to Kano,Kano,Kano,Road,2024-05-18,4,delayed shipment due to weather
ORDZ7BH25L,Backpack,Backpack shipped via Express from Ibadan to Kano,Ibadan,Kano,Express,2024-09-16,1,fast delivery and great service
ORD1GM25LE,Watch,Watch shipped via Express from Kano to Kano,Kano,Kano,Express,2025-01-30,5,on time and well packaged
ORD9RR7S20,Laptop,Laptop shipped via Road from Kano to Ibadan,Kano,Ibadan,Road,2025-07-12,0,late delivery caused frustration
ORDLCXLVPY,Watch,Watch shipped via Sea from Kano to Lagos,Kano,Lagos,Sea,2025-09-21,4,tracking updates were helpful
ORDJ98CWN2,Headphones,Headphones shipped via Express from Lagos to Abuja,Lagos,Abuja,Express,2024-02-05,7,package arrived damaged
ORDC2NNUVY,Watch,Watch shipped via Air from Port Harcourt to Kano,Port Harcourt,Kano,Air,2025-08-10,1,package arrived damaged
ORDTOXIE0R,Tablet,Tablet shipped via Sea from Ibadan to Lagos,Ibadan,Lagos,Sea,2024-09-23,1,poor handling caused delay
ORDHWY9HEC,Headphones,Headphones shipped via Sea from Kano to Lagos,Kano,Lagos,Sea,2025-11-14,3,on time and well packaged
ORDZTKKFZZ,Headphones,Headphones shipped via Road from Port Harcourt to Ibadan,Port Harcourt,Ibadan,Road,2024-05-04,1,excellent logistics experience
ORD2IRMUQ9,Headphones,Headphones shipped via Air from Ibadan to Lagos,Ibadan,Lagos,Air,2024-11-12,0,tracking updates were helpful
ORD9ZS13C9,Laptop,Laptop shipped via Sea from Kano to Kano,Kano,Kano,Sea,2024-05-11,3,smooth and fast shipping process
ORDXG8P6BE,Headphones,Headphones shipped via Road from Port Harcourt to Abuja,Port Harcourt,Abuja,Road,2024-11-26,0,excellent logistics experience
ORDM764JWT,Headphones,Headphones shipped via Air from Port Harcourt to Ibadan,Port Harcourt,Ibadan,Air,2025-05-29,3,package arrived damaged
ORDVUGW6M7,Smartphone,Smartphone shipped via Air from Lagos to Lagos,Lagos,Lagos,Air,2025-10-18,1,delivery slower than expected
ORDJHUWB6T,Backpack,Backpack shipped via Express from Kano to Abuja,Kano,Abuja,Express,2024-10-31,6,poor handling caused delay
ORDCCPRHVL,Watch,Watch shipped via Road from Port Harcourt to Kano,Port Harcourt,Kano,Road,2025-01-14,1,smooth and fast shipping process
ORDULQJIDK,Tablet,Tablet shipped via Road from Ibadan to Kano,Ibadan,Kano,Road,2024-06-12,2,on time and well packaged
ORD7ZGF9Q5,Camera,Camera shipped via Express from Lagos to Lagos,Lagos,Lagos,Express,2025-06-01,4,poor handling caused delay
ORD8HMBR5X,Camera,Camera shipped via Air from Port Harcourt to Ibadan,Port Harcourt,Ibadan,Air,2024-04-20,0,tracking updates were helpful
ORDEJNOBBU,Watch,Watch shipped via Air from Ibadan to Port Harcourt,Ibadan,Port Harcourt,Air,2025-01-30,3,smooth and fast shipping process
ORDQT3WVED,Watch,Watch shipped via Sea from Port Harcourt to Ibadan,Port Harcourt,Ibadan,Sea,2024-05-27,5,excellent logistics experience
ORDVOBBZ2S,Headphones,Headphones shipped via Road from Ibadan to Ibadan,Ibadan,Ibadan,Road,2024-12-01,0,delivery slower than expected
ORDLOW4VSS,Camera,Camera shipped via Express from Ibadan to Port Harcourt,Ibadan,Port Harcourt,Express,2024-01-18,3,on time and well packaged
ORDLDOL65W,Monitor,Monitor shipped via Road from Kano to Port Harcourt,Kano,Port Harcourt,Road,2024-02-22,3,delivery slower than expected
ORDRSZ1N3I,Monitor,Monitor shipped via Air from Lagos to Abuja,Lagos,Abuja,Air,2025-03-27,4,on time and well packaged
ORDPOHSWQ4,Smartphone,Smartphone shipped via Road from Abuja to Ibadan,Abuja,Ibadan,Road,2025-07-28,0,on time and well packaged
ORD9RN8QTT,Backpack,Backpack shipped via Road from Ibadan to Kano,Ibadan,Kano,Road,2024-09-09,0,late delivery caused frustration
ORDUI9KKHZ,Watch,Watch shipped via Sea from Kano to Port Harcourt,Kano,Port Harcourt,Sea,2024-10-21,4,delayed shipment due to weather
ORDUT6OM1F,Smartphone,Smartphone shipped via Sea from Port Harcourt to Lagos,Port Harcourt,Lagos,Sea,2025-03-28,3,late delivery caused frustration
ORD0H3JUJD,Monitor,Monitor shipped via Air from Abuja to Abuja,Abuja,Abuja,Air,2025-11-16,3,smooth and fast shipping process
ORDIIDLRYE,Keyboard,Keyboard shipped via Express from Abuja to Kano,Abuja,Kano,Express,2025-05-03,3,excellent logistics experience
ORD1KKC1XI,Smartphone,Smartphone shipped via Road from Abuja to Kano,Abuja,Kano,Road,2024-02-07,1,tracking updates were helpful
ORD2G05KBK,Monitor,Monitor shipped via Sea from Lagos to Port Harcourt,Lagos,Port Harcourt,Sea,2025-04-10,3,smooth and fast shipping process
ORDS6ESJ3L,Camera,Camera shipped via Air from Port Harcourt to Abuja,Port Harcourt,Abuja,Air,2024-12-11,3,late delivery caused frustration
ORDU1G463S,Laptop,Laptop shipped via Road from Kano to Lagos,Kano,Lagos,Road,2024-05-23,1,poor handling caused delay
ORDLIJI18K,Monitor,Monitor shipped via Sea from Lagos to Port Harcourt,Lagos,Port Harcourt,Sea,2025-12-10,6,excellent logistics experience
ORDCELOS6Z,Backpack,Backpack shipped via Sea from Lagos to Port Harcourt,Lagos,Port Harcourt,Sea,2025-09-21,3,excellent logistics experience
ORDHEF0VOT,Camera,Camera shipped via Road from Ibadan to Abuja,Ibadan,Abuja,Road,2025-11-27,0,delivery slower than expected
ORD5CQZCUC,Keyboard,Keyboard shipped via Road from Ibadan to Abuja,Ibadan,Abuja,Road,2024-06-17,4,on time and well packaged
ORD4PYZR6Q,Smartphone,Smartphone shipped via Express from Kano to Abuja,Kano,Abuja,Express,2025-04-12,1,delivery slower than expected
ORDCQ30O30,Monitor,Monitor shipped via Express from Lagos to Lagos,Lagos,Lagos,Express,2024-12-18,4,delayed shipment due to weather
ORDTC69QKG,Headphones,Headphones shipped via Express from Kano to Port Harcourt,Kano,Port Harcourt,Express,2025-04-04,5,tracking updates were helpful
ORDNYXTXMG,Keyboard,Keyboard shipped via Road from Kano to Ibadan,Kano,Ibadan,Road,2024-08-16,1,fast delivery and great service
ORD19QZPNI,Camera,Camera shipped via Sea from Port Harcourt to Abuja,Port Harcourt,Abuja,Sea,2024-07-12,4,delayed shipment due to weather
ORDBXW76IC,Monitor,Monitor shipped via Air from Lagos to Kano,Lagos,Kano,Air,2024-09-07,3,fast delivery and great service
ORDOIH5CSK,Monitor,Monitor shipped via Sea from Port Harcourt to Ibadan,Port Harcourt,Ibadan,Sea,2024-08-30,4,late delivery caused frustration
ORD59SOJUV,Headphones,Headphones shipped via Express from Kano to Ibadan,Kano,Ibadan,Express,2024-02-18,6,on time and well packaged
ORD7Y2LOFN,Keyboard,Keyboard shipped via Road from Kano to Abuja,Kano,Abuja,Road,2024-11-03,2,package arrived damaged
ORD36U8UEI,Shoes,Shoes shipped via Express from Port Harcourt to Lagos,Port Harcourt,Lagos,Express,2025-01-14,1,delayed shipment due to weather
ORDT3BNVBC,Monitor,Monitor shipped via Express from Ibadan to Abuja,Ibadan,Abuja,Express,2024-08-01,1,on time and well packaged
ORDK6HG001,Shoes,Shoes shipped via Express from Ibadan to Abuja,Ibadan,Abuja,Express,2024-09-02,1,smooth and fast shipping process
ORDLKQXLM5,Camera,Camera shipped via Sea from Lagos to Kano,Lagos,Kano,Sea,2024-07-27,2,on time and well packaged
ORDLB50ATV,Tablet,Tablet shipped via Road from Port Harcourt to Abuja,Port Harcourt,Abuja,Road,2024-12-03,3,excellent logistics experience
ORDN4RXYJ3,Camera,Camera shipped via Sea from Kano to Abuja,Kano,Abuja,Sea,2024-06-22,3,package arrived damaged
ORDZR7TXCB,Laptop,Laptop shipped via Express from Lagos to Lagos,Lagos,Lagos,Express,2024-05-20,4,excellent logistics experience
ORDCFHQCW7,Camera,Camera shipped via Air from Kano to Lagos,Kano,Lagos,Air,2025-06-28,3,smooth and fast shipping process
ORDOAZTKSZ,Tablet,Tablet shipped via Air from Abuja to Lagos,Abuja,Lagos,Air,2025-06-20,5,package arrived damaged
ORDIWJM2C8,Camera,Camera shipped via Road from Ibadan to Abuja,Ibadan,Abuja,Road,2024-11-03,2,delayed shipment due to weather
ORDX41DNTC,Smartphone,Smartphone shipped via Express from Abuja to Lagos,Abuja,Lagos,Express,2025-03-20,8,on time and well packaged
ORDU4DTBH5,Monitor,Monitor shipped via Air from Kano to Port Harcourt,Kano,Port Harcourt,Air,2024-03-17,4,late delivery caused frustration
ORD6UB7L8V,Tablet,Tablet shipped via Road from Lagos to Port Harcourt,Lagos,Port Harcourt,Road,2025-07-31,1,excellent logistics experience
ORDU4YTN02,Laptop,Laptop shipped via Air from Ibadan to Port Harcourt,Ibadan,Port Harcourt,Air,2024-04-10,0,tracking updates were helpful
ORDICVWV8L,Backpack,Backpack shipped via Road from Kano to Kano,Kano,Kano,Road,2024-12-30,3,smooth and fast shipping process
ORD7PYXDW2,Laptop,Laptop shipped via Road from Lagos to Port Harcourt,Lagos,Port Harcourt,Road,2025-01-24,2,package arrived damaged
ORD0LDALMJ,Headphones,Headphones shipped via Express from Lagos to Abuja,Lagos,Abuja,Express,2025-04-04,4,smooth and fast shipping process
ORDTOAMDVL,Tablet,Tablet shipped via Express from Lagos to Port Harcourt,Lagos,Port Harcourt,Express,2025-02-01,3,delayed shipment due to weather
ORD0U9ISYG,Backpack,Backpack shipped via Express from Port Harcourt to Port Harcourt,Port Harcourt,Port Harcourt,Express,2024-05-29,2,delayed shipment due to weather
ORDGJK2N7Z,Camera,Camera shipped via Road from Ibadan to Ibadan,Ibadan,Ibadan,Road,2025-04-13,1,delayed shipment due to weather
ORDEAO4N5P,Tablet,Tablet shipped via Sea from Ibadan to Abuja,Ibadan,Abuja,Sea,2024-11-24,0,delivery slower than expected
ORD8HL88KZ,Camera,Camera shipped via Sea from Ibadan to Abuja,Ibadan,Abuja,Sea,2025-01-20,2,late delivery caused frustration
ORD3OEUVTY,Keyboard,Keyboard shipped via Road from Lagos to Kano,Lagos,Kano,Road,2025-03-24,4,late delivery caused frustration
ORD3C42YFK,Backpack,Backpack shipped via Express from Abuja to Kano,Abuja,Kano,Express,2024-03-16,3,poor handling caused delay
ORD9ROS7YT,Watch,Watch shipped via Air from Ibadan to Ibadan,Ibadan,Ibadan,Air,2024-04-21,0,excellent logistics experience
ORDXMXB9YO,Watch,Watch shipped via Air from Kano to Lagos,Kano,Lagos,Air,2024-04-10,3,late delivery caused frustration
ORDH0UYHNQ,Monitor,Monitor shipped via Sea from Ibadan to Abuja,Ibadan,Abuja,Sea,2024-01-26,3,poor handling caused delay
ORDDO8E7FL,Camera,Camera shipped via Express from Abuja to Ibadan,Abuja,Ibadan,Express,2024-12-22,1,poor handling caused delay
ORDDZQCBZA,Watch,Watch shipped via Road from Lagos to Abuja,Lagos,Abuja,Road,2025-06-12,3,package arrived damaged
ORDTLPQ2WG,Tablet,Tablet shipped via Road from Kano to Lagos,Kano,Lagos,Road,2025-04-05,3,delivery slower than expected
ORDPAHKZ2U,Keyboard,Keyboard shipped via Sea from Abuja to Port Harcourt,Abuja,Port Harcourt,Sea,2024-07-20,0,poor handling caused delay
ORDEYR8LNO,Laptop,Laptop shipped via Express from Port Harcourt to Port Harcourt,Port Harcourt,Port Harcourt,Express,2025-09-24,3,package arrived damaged
ORD3ZKWDEE,Backpack,Backpack shipped via Sea from Lagos to Abuja,Lagos,Abuja,Sea,2025-12-11,4,package arrived damaged
ORDSPENGWY,Headphones,Headphones shipped via Express from Ibadan to Abuja,Ibadan,Abuja,Express,2024-10-22,5,package arrived damaged
ORDG4W58RH,Tablet,Tablet shipped via Express from Ibadan to Ibadan,Ibadan,Ibadan,Express,2025-02-22,5,poor handling caused delay
ORDO4RCB1K,Backpack,Backpack shipped via Sea from Abuja to Ibadan,Abuja,Ibadan,Sea,2024-06-21,0,poor handling caused delay
ORDU1RSUJT,Watch,Watch shipped via Express from Ibadan to Lagos,Ibadan,Lagos,Express,2025-07-13,1,excellent logistics experience
ORD9D31K9Q,Watch,Watch shipped via Air from Lagos to Kano,Lagos,Kano,Air,2024-08-30,4,excellent logistics experience
ORD3VMZWFF,Shoes,Shoes shipped via Sea from Abuja to Lagos,Abuja,Lagos,Sea,2025-06-29,4,late delivery caused frustration
ORDVG9KU8S,Laptop,Laptop shipped via Air from Abuja to Kano,Abuja,Kano,Air,2024-10-10,4,package arrived damaged
ORDZEFLI4O,Headphones,Headphones shipped via Express from Ibadan to Port Harcourt,Ibadan,Port Harcourt,Express,2025-01-19,10,poor handling caused delay
ORDC21O0Z5,Camera,Camera shipped via Air from Kano to Port Harcourt,Kano,Port Harcourt,Air,2024-04-05,4,poor handling caused delay
ORDWZ42O83,Camera,Camera shipped via Sea from Port Harcourt to Port Harcourt,Port Harcourt,Port Harcourt,Sea,2024-12-11,5,smooth and fast shipping process
ORDUURMYBD,Camera,Camera shipped via Road from Lagos to Lagos,Lagos,Lagos,Road,2025-03-27,4,poor handling caused delay
ORDA8HYEXF,Backpack,Backpack shipped via Sea from Lagos to Port Harcourt,Lagos,Port Harcourt,Sea,2024-03-25,4,on time and well packaged
ORDXXBW01P,Laptop,Laptop shipped via Road from Lagos to Lagos,Lagos,Lagos,Road,2025-05-03,2,delayed shipment due to weather
ORDEIYAZ39,Tablet,Tablet shipped via Air from Abuja to Kano,Abuja,Kano,Air,2024-08-22,4,tracking updates were helpful
ORDD3DNKN3,Headphones,Headphones shipped via Air from Abuja to Lagos,Abuja,Lagos,Air,2025-09-16,1,package arrived damaged
ORDP0WFOY4,Laptop,Laptop shipped via Air from Lagos to Abuja,Lagos,Abuja,Air,2025-08-26,2,tracking updates were helpful
ORDMP2IXIV,Monitor,Monitor shipped via Sea from Port Harcourt to Lagos,Port Harcourt,Lagos,Sea,2024-07-29,2,smooth and fast shipping process
ORDVGOX22I,Tablet,Tablet shipped via Express from Lagos to Abuja,Lagos,Abuja,Express,2025-10-15,3,delivery slower than expected
ORDC5AMLN4,Tablet,Tablet shipped via Road from Port Harcourt to Ibadan,Port Harcourt,Ibadan,Road,2025-04-27,7,delayed shipment due to weather
ORDACJBC2S,Keyboard,Keyboard shipped via Express from Kano to Kano,Kano,Kano,Express,2024-03-25,0,smooth and fast shipping process
ORDTFDC79F,Watch,Watch shipped via Air from Kano to Ibadan,Kano,Ibadan,Air,2024-11-13,4,tracking updates were helpful
ORD04CDPQV,Backpack,Backpack shipped via Air from Abuja to Lagos,Abuja,Lagos,Air,2025-12-25,0,package arrived damaged
ORDZF8S2ZG,Headphones,Headphones shipped via Air from Port Harcourt to Lagos,Port Harcourt,Lagos,Air,2024-12-09,2,tracking updates were helpful
ORDJCZUCQM,Camera,Camera shipped via Sea from Ibadan to Abuja,Ibadan,Abuja,Sea,2024-06-10,5,late delivery caused frustration
ORD16YE0A4,Smartphone,Smartphone shipped via Express from Abuja to Lagos,Abuja,Lagos,Express,2025-01-07,3,tracking updates were helpful
ORD7G8B2ZX,Shoes,Shoes shipped via Express from Port Harcourt to Abuja,Port Harcourt,Abuja,Express,2024-11-23,0,late delivery caused frustration
ORD3UEYBIS,Smartphone,Smartphone shipped via Express from Kano to Lagos,Kano,Lagos,Express,2024-10-16,1,late delivery caused frustration
ORDLTAHUKW,Camera,Camera shipped via Express from Port Harcourt to Ibadan,Port Harcourt,Ibadan,Express,2024-07-19,4,smooth and fast shipping process
ORD1IAOIM4,Smartphone,Smartphone shipped via Express from Port Harcourt to Lagos,Port Harcourt,Lagos,Express,2024-11-10,1,delayed shipment due to weather
ORDH9P89FK,Smartphone,Smartphone shipped via Express from Abuja to Ibadan,Abuja,Ibadan,Express,2025-12-18,3,on time and well packaged
ORDQ0USWOV,Smartphone,Smartphone shipped via Road from Kano to Abuja,Kano,Abuja,Road,2024-10-25,3,late delivery caused frustration
ORD47O3LQI,Shoes,Shoes shipped via Air from Abuja to Ibadan,Abuja,Ibadan,Air,2024-06-08,1,delayed shipment due to weather
ORDFQOT8HL,Backpack,Backpack shipped via Road from Lagos to Lagos,Lagos,Lagos,Road,2025-12-03,7,late delivery caused frustration
ORD3ZB4LDI,Watch,Watch shipped via Air from Kano to Ibadan,Kano,Ibadan,Air,2025-11-24,4,late delivery caused frustration
ORDJ9BOQ0I,Camera,Camera shipped via Air from Lagos to Abuja,Lagos,Abuja,Air,2024-01-13,0,fast delivery and great service
ORD39E3NWX,Monitor,Monitor shipped via Air from Ibadan to Port Harcourt,Ibadan,Port Harcourt,Air,2024-01-23,3,delayed shipment due to weather
ORDHX3D43E,Camera,Camera shipped via Express from Lagos to Abuja,Lagos,Abuja,Express,2025-02-08,1,poor handling caused delay
ORDBYGHGK5,Smartphone,Smartphone shipped via Road from Ibadan to Ibadan,Ibadan,Ibadan,Road,2025-10-24,4,late delivery caused frustration
ORDR5RDNPX,Keyboard,Keyboard shipped via Air from Abuja to Ibadan,Abuja,Ibadan,Air,2025-01-26,1,on time and well packaged
ORDR2MULJA,Monitor,Monitor shipped via Sea from Abuja to Lagos,Abuja,Lagos,Sea,2024-02-29,2,poor handling caused delay
ORDT199DXJ,Smartphone,Smartphone shipped via Express from Abuja to Ibadan,Abuja,Ibadan,Express,2024-12-29,4,package arrived damaged
ORDGV3Z6BZ,Monitor,Monitor shipped via Road from Ibadan to Abuja,Ibadan,Abuja,Road,2025-05-19,4,smooth and fast shipping process
ORDLRDIHSA,Monitor,Monitor shipped via Sea from Abuja to Abuja,Abuja,Abuja,Sea,2024-06-30,0,on time and well packaged
ORDCFZFDSN,Laptop,Laptop shipped via Air from Port Harcourt to Kano,Port Harcourt,Kano,Air,2024-12-10,2,late delivery caused frustration
ORDL90PXRL,Keyboard,Keyboard shipped via Road from Ibadan to Port Harcourt,Ibadan,Port Harcourt,Road,2025-11-12,2,delivery slower than expected
ORD3N0KGAZ,Monitor,Monitor shipped via Air from Kano to Ibadan,Kano,Ibadan,Air,2024-07-05,1,delivery slower than expected
ORDL3WXDRL,Laptop,Laptop shipped via Sea from Abuja to Port Harcourt,Abuja,Port Harcourt,Sea,2024-06-20,6,delayed shipment due to weather
ORD3Y0MAHY,Watch,Watch shipped via Air from Port Harcourt to Lagos,Port Harcourt,Lagos,Air,2024-02-19,3,tracking updates were helpful
ORDPPFO5MN,Camera,Camera shipped via Road from Ibadan to Abuja,Ibadan,Abuja,Road,2025-04-07,0,delayed shipment due to weather
ORD2BAJDM5,Headphones,Headphones shipped via Air from Lagos to Ibadan,Lagos,Ibadan,Air,2024-12-12,4,delivery slower than expected
ORD96ZPXVP,Smartphone,Smartphone shipped via Road from Lagos to Port Harcourt,Lagos,Port Harcourt,Road,2024-07-13,7,tracking updates were helpful
ORDZZ0JKIB,Monitor,Monitor shipped via Road from Ibadan to Kano,Ibadan,Kano,Road,2024-02-25,5,on time and well packaged
ORDAD3WRDH,Backpack,Backpack shipped via Air from Lagos to Kano,Lagos,Kano,Air,2024-11-11,0,tracking updates were helpful
ORDQ6JXNNN,Headphones,Headphones shipped via Sea from Kano to Lagos,Kano,Lagos,Sea,2025-03-26,2,poor handling caused delay
ORDJ4UFZDY,Keyboard,Keyboard shipped via Road from Kano to Ibadan,Kano,Ibadan,Road,2025-07-20,5,fast delivery and great service
ORD43PT5R5,Camera,Camera shipped via Express from Port Harcourt to Lagos,Port Harcourt,Lagos,Express,2024-02-05,1,smooth and fast shipping process
ORDUSU9F8Q,Headphones,Headphones shipped via Road from Abuja to Abuja,Abuja,Abuja,Road,2024-02-13,3,tracking updates were helpful
ORDCYH3FVL,Laptop,Laptop shipped via Express from Lagos to Kano,Lagos,Kano,Express,2025-07-19,4,on time and well packaged
ORD4S7AZV2,Laptop,Laptop shipped via Road from Kano to Abuja,Kano,Abuja,Road,2025-08-03,1,delivery slower than expected
ORDU8DD225,Watch,Watch shipped via Express from Kano to Port Harcourt,Kano,Port Harcourt,Express,2025-11-01,2,poor handling caused delay
ORDURGOWYO,Tablet,Tablet shipped via Air from Port Harcourt to Abuja,Port Harcourt,Abuja,Air,2025-05-01,0,late delivery caused frustration
ORD6A3KKRZ,Laptop,Laptop shipped via Sea from Abuja to Abuja,Abuja,Abuja,Sea,2025-03-29,0,on time and well packaged
ORDJPXGH30,Keyboard,Keyboard shipped via Road from Port Harcourt to Lagos,Port Harcourt,Lagos,Road,2024-03-08,2,late delivery caused frustration
ORDZO2SUG5,Shoes,Shoes shipped via Air from Lagos to Abuja,Lagos,Abuja,Air,2025-04-12,0,fast delivery and great service
ORD7ZJ3SWE,Smartphone,Smartphone shipped via Express from Abuja to Port Harcourt,Abuja,Port Harcourt,Express,2025-08-31,6,poor handling caused delay
ORDG5VMF60,Laptop,Laptop shipped via Express from Port Harcourt to Lagos,Port Harcourt,Lagos,Express,2024-02-20,0,package arrived damaged
ORD42HHIHX,Keyboard,Keyboard shipped via Express from Lagos to Lagos,Lagos,Lagos,Express,2024-05-15,2,package arrived damaged
ORDVAJ2K8X,Tablet,Tablet shipped via Express from Kano to Port Harcourt,Kano,Port Harcourt,Express,2024-09-15,3,excellent logistics experience
ORDQY3ODSX,Watch,Watch shipped via Sea from Ibadan to Ibadan,Ibadan,Ibadan,Sea,2024-11-01,5,delayed shipment due to weather
ORDRMJLJX8,Backpack,Backpack shipped via Road from Abuja to Abuja,Abuja,Abuja,Road,2024-02-28,0,delivery slower than expected
ORDOLFARK6,Tablet,Tablet shipped via Road from Kano to Lagos,Kano,Lagos,Road,2024-12-17,5,excellent logistics experience
ORDYWR7MKG,Keyboard,Keyboard shipped via Air from Abuja to Port Harcourt,Abuja,Port Harcourt,Air,2025-04-27,3,package arrived damaged
ORD00U686X,Shoes,Shoes shipped via Sea from Port Harcourt to Abuja,Port Harcourt,Abuja,Sea,2025-03-06,1,on time and well packaged
ORDNVQEBWU,Monitor,Monitor shipped via Road from Lagos to Kano,Lagos,Kano,Road,2025-05-27,3,delayed shipment due to weather
ORD5NKB4EH,Tablet,Tablet shipped via Road from Ibadan to Kano,Ibadan,Kano,Road,2024-11-19,3,package arrived damaged
ORD2RWGWAJ,Headphones,Headphones shipped via Express from Ibadan to Abuja,Ibadan,Abuja,Express,2024-03-31,1,package arrived damaged
ORDWWO8NBH,Watch,Watch shipped via Road from Lagos to Port Harcourt,Lagos,Port Harcourt,Road,2024-01-19,3,fast delivery and great service
ORDWIYMENV,Headphones,Headphones shipped via Sea from Lagos to Lagos,Lagos,Lagos,Sea,2024-10-24,2,poor handling caused delay
ORD0VM59M6,Watch,Watch shipped via Express from Abuja to Abuja,Abuja,Abuja,Express,2024-01-20,3,excellent logistics experience
ORDI9HASEZ,Smartphone,Smartphone shipped via Air from Kano to Port Harcourt,Kano,Port Harcourt,Air,2025-08-31,4,fast delivery and great service
ORDXXAYPNT,Camera,Camera shipped via Air from Abuja to Abuja,Abuja,Abuja,Air,2024-11-04,6,tracking updates were helpful
ORDXXJVE3D,Monitor,Monitor shipped via Air from Lagos to Port Harcourt,Lagos,Port Harcourt,Air,2024-04-18,0,poor handling caused delay
ORDHHJSHZK,Smartphone,Smartphone shipped via Road from Ibadan to Kano,Ibadan,Kano,Road,2025-12-05,7,poor handling caused delay
ORDLAY64YF,Laptop,Laptop shipped via Air from Ibadan to Lagos,Ibadan,Lagos,Air,2024-09-19,0,excellent logistics experience
ORDQ9JB354,Watch,Watch shipped via Air from Port Harcourt to Kano,Port Harcourt,Kano,Air,2024-04-07,2,fast delivery and great service
ORDAEXL68J,Laptop,Laptop shipped via Road from Port Harcourt to Port Harcourt,Port Harcourt,Port Harcourt,Road,2024-04-26,4,tracking updates were helpful
ORDOQ4YRP5,Headphones,Headphones shipped via Air from Lagos to Abuja,Lagos,Abuja,Air,2024-06-12,3,delayed shipment due to weather
ORDOV2YGNM,Smartphone,Smartphone shipped via Express from Abuja to Kano,Abuja,Kano,Express,2024-04-25,1,tracking updates were helpful
ORDPCXA5S0,Monitor,Monitor shipped via Air from Abuja to Port Harcourt,Abuja,Port Harcourt,Air,2025-03-19,2,excellent logistics experience
ORDRXXF36W,Smartphone,Smartphone shipped via Express from Abuja to Ibadan,Abuja,Ibadan,Express,2025-05-22,2,package arrived damaged
ORDCRI8BIX,Tablet,Tablet shipped via Express from Abuja to Lagos,Abuja,Lagos,Express,2025-03-30,1,delivery slower than expected
ORDQ4QERXD,Tablet,Tablet shipped via Air from Lagos to Ibadan,Lagos,Ibadan,Air,2024-04-03,4,delivery slower than expected
ORD8W6UXQM,Smartphone,Smartphone shipped via Sea from Abuja to Kano,Abuja,Kano,Sea,2025-07-27,3,delivery slower than expected
ORDVZNQDXA,Watch,Watch shipped via Sea from Port Harcourt to Ibadan,Port Harcourt,Ibadan,Sea,2025-12-19,1,delayed shipment due to weather
ORDBFFZZDV,Shoes,Shoes shipped via Road from Lagos to Kano,Lagos,Kano,Road,2025-04-13,4,excellent logistics experience
ORDZDO74V1,Camera,Camera shipped via Road from Kano to Ibadan,Kano,Ibadan,Road,2025-05-25,3,fast delivery and great service
ORDTB74RS7,Headphones,Headphones shipped via Road from Ibadan to Abuja,Ibadan,Abuja,Road,2024-04-16,4,tracking updates were helpful
ORDXVL5PVY,Shoes,Shoes shipped via Sea from Port Harcourt to Kano,Port Harcourt,Kano,Sea,2024-10-28,4,poor handling caused delay
ORD2EV5S4T,Watch,Watch shipped via Road from Ibadan to Abuja,Ibadan,Abuja,Road,2024-08-02,1,delivery slower than expected
ORDZY7EZ9G,Keyboard,Keyboard shipped via Sea from Port Harcourt to Lagos,Port Harcourt,Lagos,Sea,2025-07-29,1,poor handling caused delay
ORDU7ZY6T5,Tablet,Tablet shipped via Air from Lagos to Ibadan,Lagos,Ibadan,Air,2024-01-26,4,tracking updates were helpful
ORDFYH1FKJ,Smartphone,Smartphone shipped via Air from Port Harcourt to Abuja,Port Harcourt,Abuja,Air,2025-01-02,4,poor handling caused delay
ORDD5050UI,Backpack,Backpack shipped via Express from Lagos to Kano,Lagos,Kano,Express,2025-03-02,2,on time and well packaged
ORD8B0H54P,Shoes,Shoes shipped via Road from Port Harcourt to Ibadan,Port Harcourt,Ibadan,Road,2024-07-17,3,late delivery caused frustration
ORDQ9C80EB,Backpack,Backpack shipped via Road from Ibadan to Port Harcourt,Ibadan,Port Harcourt,Road,2024-06-13,5,delivery slower than expected
ORD4AQ7B7V,Monitor,Monitor shipped via Sea from Port Harcourt to Kano,Port Harcourt,Kano,Sea,2024-03-15,1,on time and well packaged
ORDS8S2FTO,Watch,Watch shipped via Sea from Abuja to Abuja,Abuja,Abuja,Sea,2024-12-05,4,on time and well packaged
ORDK8WRU1X,Laptop,Laptop shipped via Road from Port Harcourt to Kano,Port Harcourt,Kano,Road,2025-10-19,2,delivery slower than expected
ORD7IB5N2E,Backpack,Backpack shipped via Air from Ibadan to Port Harcourt,Ibadan,Port Harcourt,Air,2025-06-13,2,on time and well packaged
ORDSSRKXLC,Laptop,Laptop shipped via Air from Abuja to Ibadan,Abuja,Ibadan,Air,2025-10-03,5,delayed shipment due to weather
ORDHWHY4H3,Tablet,Tablet shipped via Air from Lagos to Abuja,Lagos,Abuja,Air,2025-04-15,4,on time and well packaged
ORDBCGJC36,Tablet,Tablet shipped via Express from Kano to Kano,Kano,Kano,Express,2025-03-19,4,on time and well packaged
ORDAYTXW1V,Laptop,Laptop shipped via Air from Port Harcourt to Ibadan,Port Harcourt,Ibadan,Air,2024-10-23,5,late delivery caused frustration
ORDVK7N3BF,Shoes,Shoes shipped via Sea from Abuja to Kano,Abuja,Kano,Sea,2025-10-11,3,package arrived damaged
ORDK585X8A,Keyboard,Keyboard shipped via Air from Abuja to Lagos,Abuja,Lagos,Air,2024-01-06,4,delivery slower than expected
ORDVT8K06M,Tablet,Tablet shipped via Road from Ibadan to Abuja,Ibadan,Abuja,Road,2024-07-07,2,excellent logistics experience
ORDWJEYUB1,Keyboard,Keyboard shipped via Air from Kano to Ibadan,Kano,Ibadan,Air,2024-10-24,3,delayed shipment due to weather
ORDJHU8MYI,Backpack,Backpack shipped via Road from Ibadan to Lagos,Ibadan,Lagos,Road,2024-11-21,2,poor handling caused delay
ORDQWLVUNL,Tablet,Tablet shipped via Sea from Abuja to Lagos,Abuja,Lagos,Sea,2024-09-09,3,excellent logistics experience
ORDZXJMYLR,Camera,Camera shipped via Express from Port Harcourt to Port Harcourt,Port Harcourt,Port Harcourt,Express,2025-07-18,4,delayed shipment due to weather
ORDGV44FTJ,Laptop,Laptop shipped via Air from Lagos to Lagos,Lagos,Lagos,Air,2025-08-18,1,delivery slower than expected
ORDOV6TT9Q,Headphones,Headphones shipped via Road from Port Harcourt to Kano,Port Harcourt,Kano,Road,2025-08-26,7,late delivery caused frustration
ORDESDNAI8,Monitor,Monitor shipped via Road from Abuja to Ibadan,Abuja,Ibadan,Road,2025-04-01,0,package arrived damaged
ORDG8X80RM,Shoes,Shoes shipped via Air from Kano to Abuja,Kano,Abuja,Air,2024-09-27,0,on time and well packaged
ORDIYS2N75,Smartphone,Smartphone shipped via Sea from Port Harcourt to Lagos,Port Harcourt,Lagos,Sea,2024-09-26,5,delivery slower than expected
ORDTGXNX4S,Tablet,Tablet shipped via Express from Abuja to Ibadan,Abuja,Ibadan,Express,2024-12-27,4,on time and well packaged
ORDRRVSFFC,Backpack,Backpack shipped via Road from Abuja to Abuja,Abuja,Abuja,Road,2024-06-10,4,on time and well packaged
ORDV3XOLEY,Camera,Camera shipped via Road from Abuja to Ibadan,Abuja,Ibadan,Road,2025-10-24,4,tracking updates were helpful
ORDABUFWBU,Smartphone,Smartphone shipped via Road from Abuja to Port Harcourt,Abuja,Port Harcourt,Road,2025-06-13,2,tracking updates were helpful
ORDVUAZXKD,Camera,Camera shipped via Express from Ibadan to Kano,Ibadan,Kano,Express,2024-06-23,1,excellent logistics experience
ORD3V23GXJ,Watch,Watch shipped via Air from Kano to Ibadan,Kano,Ibadan,Air,2024-08-23,3,tracking updates were helpful
ORDNDH4SPF,Laptop,Laptop shipped via Air from Abuja to Kano,Abuja,Kano,Air,2025-06-28,1,smooth and fast shipping process
ORD1DX6TA7,Tablet,Tablet shipped via Sea from Ibadan to Kano,Ibadan,Kano,Sea,2024-02-14,4,smooth and fast shipping process
ORDP7R1M26,Monitor,Monitor shipped via Road from Lagos to Kano,Lagos,Kano,Road,2024-09-17,2,poor handling caused delay
ORD16DVTJA,Smartphone,Smartphone shipped via Air from Ibadan to Ibadan,Ibadan,Ibadan,Air,2025-06-16,1,fast delivery and great service
ORDNH2ODPV,Backpack,Backpack shipped via Sea from Ibadan to Kano,Ibadan,Kano,Sea,2025-09-18,2,late delivery caused frustration
ORD9OHTUGU,Camera,Camera shipped via Sea from Port Harcourt to Port Harcourt,Port Harcourt,Port Harcourt,Sea,2025-12-23,3,tracking updates were helpful
ORD04X0QZF,Shoes,Shoes shipped via Sea from Ibadan to Kano,Ibadan,Kano,Sea,2025-07-17,1,delivery slower than expected
ORDZZF8ADF,Monitor,Monitor shipped via Air from Kano to Lagos,Kano,Lagos,Air,2024-09-26,1,excellent logistics experience
ORDNV07OXK,Monitor,Monitor shipped via Express from Lagos to Abuja,Lagos,Abuja,Express,2025-03-25,3,fast delivery and great service
ORDHX2KBVS,Shoes,Shoes shipped via Air from Ibadan to Abuja,Ibadan,Abuja,Air,2025-01-03,3,excellent logistics experience
ORDX9DJOYO,Shoes,Shoes shipped via Air from Ibadan to Lagos,Ibadan,Lagos,Air,2024-04-02,1,smooth and fast shipping process
ORDK36M8JV,Shoes,Shoes shipped via Air from Kano to Kano,Kano,Kano,Air,2024-09-24,2,package arrived damaged
ORDODCK828,Keyboard,Keyboard shipped via Express from Ibadan to Port Harcourt,Ibadan,Port Harcourt,Express,2025-01-21,3,delivery slower than expected
ORDRIM1Y65,Camera,Camera shipped via Air from Lagos to Port Harcourt,Lagos,Port Harcourt,Air,2025-01-26,0,excellent logistics experience
ORDYIL8SA3,Shoes,Shoes shipped via Express from Port Harcourt to Lagos,Port Harcourt,Lagos,Express,2025-11-20,0,on time and well packaged
ORDC7RM6J8,Shoes,Shoes shipped via Road from Kano to Abuja,Kano,Abuja,Road,2024-09-04,1,late delivery caused frustration
ORDHHIWFD7,Camera,Camera shipped via Air from Ibadan to Lagos,Ibadan,Lagos,Air,2025-05-08,2,on time and well packaged
ORDWR965R9,Keyboard,Keyboard shipped via Road from Port Harcourt to Kano,Port Harcourt,Kano,Road,2025-08-13,3,package arrived damaged
ORDB2RTSOY,Headphones,Headphones shipped via Express from Kano to Lagos,Kano,Lagos,Express,2024-11-19,5,fast delivery and great service
ORDAHULWJT,Shoes,Shoes shipped via Sea from Port Harcourt to Kano,Port Harcourt,Kano,Sea,2025-01-09,4,package arrived damaged
ORDRHZN4KG,Headphones,Headphones shipped via Air from Ibadan to Abuja,Ibadan,Abuja,Air,2024-10-03,2,excellent logistics experience
ORDT4H20RA,Tablet,Tablet shipped via Sea from Kano to Abuja,Kano,Abuja,Sea,2025-05-13,2,late delivery caused frustration
ORDJ4BDFHJ,Laptop,Laptop shipped via Sea from Kano to Port Harcourt,Kano,Port Harcourt,Sea,2025-01-04,0,on time and well packaged
ORDU7JAE58,Shoes,Shoes shipped via Road from Ibadan to Ibadan,Ibadan,Ibadan,Road,2024-10-18,2,on time and well packaged
ORDLS1QCWQ,Headphones,Headphones shipped via Express from Abuja to Port Harcourt,Abuja,Port Harcourt,Express,2025-10-08,2,delivery slower than expected
ORDU4CFILK,Backpack,Backpack shipped via Sea from Ibadan to Kano,Ibadan,Kano,Sea,2025-03-31,3,on time and well packaged
ORD0SQG4EI,Backpack,Backpack shipped via Road from Lagos to Abuja,Lagos,Abuja,Road,2025-02-10,1,delayed shipment due to weather
ORDD7RB1S9,Laptop,Laptop shipped via Road from Port Harcourt to Ibadan,Port Harcourt,Ibadan,Road,2024-03-27,4,tracking updates were helpful
ORDLIKWE4B,Watch,Watch shipped via Express from Port Harcourt to Kano,Port Harcourt,Kano,Express,2025-07-07,6,late delivery caused frustration
ORDTE8TVQ0,Monitor,Monitor shipped via Sea from Kano to Ibadan,Kano,Ibadan,Sea,2024-12-21,2,poor handling caused delay
ORDT2PNJKA,Headphones,Headphones shipped via Express from Port Harcourt to Port Harcourt,Port Harcourt,Port Harcourt,Express,2025-07-01,3,fast delivery and great service
ORDYR1K12V,Smartphone,Smartphone shipped via Road from Ibadan to Port Harcourt,Ibadan,Port Harcourt,Road,2025-02-25,4,smooth and fast shipping process
ORDPIZX3HC,Shoes,Shoes shipped via Sea from Ibadan to Ibadan,Ibadan,Ibadan,Sea,2024-10-18,2,smooth and fast shipping process
ORD3O4GKWW,Backpack,Backpack shipped via Road from Ibadan to Kano,Ibadan,Kano,Road,2024-11-24,3,fast delivery and great service
ORDF8A9KEP,Smartphone,Smartphone shipped via Road from Abuja to Lagos,Abuja,Lagos,Road,2024-01-16,3,poor handling caused delay
ORDHP2RNZB,Laptop,Laptop shipped via Sea from Abuja to Lagos,Abuja,Lagos,Sea,2025-02-05,3,delayed shipment due to weather
ORDTG6JNA9,Shoes,Shoes shipped via Road from Kano to Kano,Kano,Kano,Road,2024-02-04,1,excellent logistics experience
ORDQ1S9RYL,Watch,Watch shipped via Air from Abuja to Lagos,Abuja,Lagos,Air,2024-09-16,3,poor handling caused delay
ORDWH55HEW,Watch,Watch shipped via Sea from Lagos to Abuja,Lagos,Abuja,Sea,2025-08-21,3,delayed shipment due to weather
ORDOI8UYYF,Laptop,Laptop shipped via Express from Abuja to Abuja,Abuja,Abuja,Express,2024-04-03,5,delivery slower than expected
ORDM81CMFT,Laptop,Laptop shipped via Road from Abuja to Kano,Abuja,Kano,Road,2024-11-20,4,smooth and fast shipping process
ORD212PGYM,Headphones,Headphones shipped via Express from Port Harcourt to Lagos,Port Harcourt,Lagos,Express,2025-12-24,7,poor handling caused delay
ORDUTRUTLQ,Monitor,Monitor shipped via Air from Ibadan to Abuja,Ibadan,Abuja,Air,2025-06-27,1,package arrived damaged
ORDQ3TQ1S0,Smartphone,Smartphone shipped via Road from Ibadan to Port Harcourt,Ibadan,Port Harcourt,Road,2024-11-24,4,delayed shipment due to weather
ORDXTNSRTW,Watch,Watch shipped via Air from Kano to Port Harcourt,Kano,Port Harcourt,Air,2024-04-08,3,smooth and fast shipping process
ORDXB7GBDG,Smartphone,Smartphone shipped via Express from Ibadan to Kano,Ibadan,Kano,Express,2025-06-22,7,delivery slower than expected
ORDZJNVC7H,Camera,Camera shipped via Air from Lagos to Kano,Lagos,Kano,Air,2025-01-04,1,smooth and fast shipping process
ORD0632CWT,Laptop,Laptop shipped via Road from Port Harcourt to Lagos,Port Harcourt,Lagos,Road,2025-06-15,1,delayed shipment due to weather
ORDDINGXU8,Keyboard,Keyboard shipped via Air from Ibadan to Kano,Ibadan,Kano,Air,2025-10-15,1,delivery slower than expected
ORDMQX5GGO,Watch,Watch shipped via Express from Abuja to Ibadan,Abuja,Ibadan,Express,2024-12-26,0,on time and well packaged
ORDT94OW3L,Shoes,Shoes shipped via Road from Ibadan to Ibadan,Ibadan,Ibadan,Road,2025-01-19,1,smooth and fast shipping process
ORD7J8QO09,Monitor,Monitor shipped via Road from Lagos to Ibadan,Lagos,Ibadan,Road,2024-11-05,1,fast delivery and great service
ORDKH4A3YJ,Keyboard,Keyboard shipped via Road from Ibadan to Ibadan,Ibadan,Ibadan,Road,2024-04-06,3,fast delivery and great service
ORDQFJ6IJK,Monitor,Monitor shipped via Road from Kano to Ibadan,Kano,Ibadan,Road,2024-03-20,3,on time and well packaged
ORD2G3YU6V,Backpack,Backpack shipped via Express from Lagos to Ibadan,Lagos,Ibadan,Express,2024-03-21,6,fast delivery and great service
ORD7M5P7E1,Monitor,Monitor shipped via Air from Lagos to Kano,Lagos,Kano,Air,2024-11-08,4,smooth and fast shipping process
ORDBTFSHB0,Tablet,Tablet shipped via Air from Kano to Ibadan,Kano,Ibadan,Air,2024-08-15,1,tracking updates were helpful
ORDKOECUBO,Laptop,Laptop shipped via Express from Kano to Ibadan,Kano,Ibadan,Express,2025-12-15,1,package arrived damaged
ORD1RHOUU9,Keyboard,Keyboard shipped via Air from Abuja to Abuja,Abuja,Abuja,Air,2024-09-29,3,tracking updates were helpful
ORDL7DYPML,Monitor,Monitor shipped via Road from Lagos to Port Harcourt,Lagos,Port Harcourt,Road,2024-12-24,0,delivery slower than expected
ORD32WP7IY,Headphones,Headphones shipped via Air from Lagos to Lagos,Lagos,Lagos,Air,2024-09-05,6,delivery slower than expected
ORD753AYEQ,Smartphone,Smartphone shipped via Road from Port Harcourt to Abuja,Port Harcourt,Abuja,Road,2024-07-27,5,smooth and fast shipping process
ORDSJR0FZA,Monitor,Monitor shipped via Sea from Ibadan to Lagos,Ibadan,Lagos,Sea,2024-06-23,2,fast delivery and great service
ORDK2WBXAN,Backpack,Backpack shipped via Air from Port Harcourt to Lagos,Port Harcourt,Lagos,Air,2024-10-26,0,tracking updates were helpful
ORDIN9DL5T,Headphones,Headphones shipped via Express from Abuja to Ibadan,Abuja,Ibadan,Express,2025-07-28,5,fast delivery and great service
ORDB7KR0AY,Watch,Watch shipped via Sea from Port Harcourt to Abuja,Port Harcourt,Abuja,Sea,2024-03-04,2,late delivery caused frustration
ORD563BTKF,Tablet,Tablet shipped via Express from Abuja to Lagos,Abuja,Lagos,Express,2025-06-17,5,delivery slower than expected
ORD5YPUPLV,Camera,Camera shipped via Road from Ibadan to Abuja,Ibadan,Abuja,Road,2025-10-30,0,package arrived damaged
ORDUYHEY66,Tablet,Tablet shipped via Road from Abuja to Ibadan,Abuja,Ibadan,Road,2024-11-21,1,delayed shipment due to weather
ORDU8EL501,Tablet,Tablet shipped via Express from Kano to Port Harcourt,Kano,Port Harcourt,Express,2025-10-14,3,late delivery caused frustration
ORDFGEA9WV,Monitor,Monitor shipped via Road from Abuja to Ibadan,Abuja,Ibadan,Road,2024-08-24,3,fast delivery and great service
ORDMYRSVZN,Tablet,Tablet shipped via Road from Kano to Kano,Kano,Kano,Road,2024-06-16,2,excellent logistics experience
ORDIO878IY,Shoes,Shoes shipped via Road from Abuja to Lagos,Abuja,Lagos,Road,2025-03-25,4,delivery slower than expected
ORDRLQIOB0,Tablet,Tablet shipped via Air from Port Harcourt to Kano,Port Harcourt,Kano,Air,2025-06-17,0,delayed shipment due to weather
ORDQ3B9SO0,Keyboard,Keyboard shipped via Air from Kano to Ibadan,Kano,Ibadan,Air,2024-07-13,2,late delivery caused frustration
ORDP51KFK7,Keyboard,Keyboard shipped via Express from Abuja to Kano,Abuja,Kano,Express,2024-04-02,3,smooth and fast shipping process
ORDE27ZEOQ,Headphones,Headphones shipped via Road from Kano to Ibadan,Kano,Ibadan,Road,2025-04-10,4,delayed shipment due to weather
ORDJY62ZEE,Camera,Camera shipped via Express from Port Harcourt to Lagos,Port Harcourt,Lagos,Express,2025-06-07,4,delivery slower than expected
ORD8NN16UX,Headphones,Headphones shipped via Road from Abuja to Abuja,Abuja,Abuja,Road,2025-12-30,0,fast delivery and great service
ORDPL1QWEE,Shoes,Shoes shipped via Sea from Lagos to Ibadan,Lagos,Ibadan,Sea,2024-01-13,0,poor handling caused delay
ORDRR3VRHX,Camera,Camera shipped via Air from Kano to Kano,Kano,Kano,Air,2025-09-07,5,delivery slower than expected
ORDA5KW3HG,Smartphone,Smartphone shipped via Road from Port Harcourt to Lagos,Port Harcourt,Lagos,Road,2024-02-03,3,delivery slower than expected
ORD4K7BPGY,Monitor,Monitor shipped via Road from Ibadan to Ibadan,Ibadan,Ibadan,Road,2025-04-11,1,delivery slower than expected
ORDMB1L631,Keyboard,Keyboard shipped via Express from Lagos to Port Harcourt,Lagos,Port Harcourt,Express,2024-05-17,6,delayed shipment due to weather
ORDZJSSZWD,Keyboard,Keyboard shipped via Sea from Lagos to Kano,Lagos,Kano,Sea,2025-03-13,3,delivery slower than expected
ORD4JUW7WR,Camera,Camera shipped via Road from Kano to Abuja,Kano,Abuja,Road,2025-12-26,5,late delivery caused frustration
ORD9AAWE42,Tablet,Tablet shipped via Sea from Kano to Lagos,Kano,Lagos,Sea,2024-12-24,3,smooth and fast shipping process
ORD3HXYJCK,Keyboard,Keyboard shipped via Air from Port Harcourt to Lagos,Port Harcourt,Lagos,Air,2025-12-03,7,on time and well packaged
ORDM0WBGLM,Camera,Camera shipped via Road from Kano to Lagos,Kano,Lagos,Road,2025-05-08,6,package arrived damaged
ORDW6TM2O0,Keyboard,Keyboard shipped via Sea from Port Harcourt to Ibadan,Port Harcourt,Ibadan,Sea,2025-07-22,2,smooth and fast shipping process
ORDAUL62CF,Smartphone,Smartphone shipped via Road from Port Harcourt to Kano,Port Harcourt,Kano,Road,2025-08-07,4,delivery slower than expected
ORDOV51ZLB,Tablet,Tablet shipped via Road from Lagos to Kano,Lagos,Kano,Road,2025-01-15,4,poor handling caused delay
ORD3KSGNBH,Laptop,Laptop shipped via Air from Kano to Ibadan,Kano,Ibadan,Air,2025-05-09,5,smooth and fast shipping process
ORDFMR5LL1,Laptop,Laptop shipped via Road from Ibadan to Abuja,Ibadan,Abuja,Road,2024-02-07,1,poor handling caused delay
ORDN5ELB45,Watch,Watch shipped via Air from Kano to Lagos,Kano,Lagos,Air,2025-06-17,4,late delivery caused frustration
ORDA1WHHKT,Camera,Camera shipped via Road from Lagos to Port Harcourt,Lagos,Port Harcourt,Road,2024-06-10,5,late delivery caused frustration
ORDE8UDTTJ,Backpack,Backpack shipped via Road from Ibadan to Abuja,Ibadan,Abuja,Road,2024-03-13,0,late delivery caused frustration
ORDWMPEQYD,Smartphone,Smartphone shipped via Express from Lagos to Kano,Lagos,Kano,Express,2024-07-02,0,delivery slower than expected
ORD6WYQMLH,Keyboard,Keyboard shipped via Road from Lagos to Kano,Lagos,Kano,Road,2024-04-05,0,poor handling caused delay
ORDDLX1Q8F,Monitor,Monitor shipped via Express from Port Harcourt to Port Harcourt,Port Harcourt,Port Harcourt,Express,2024-07-06,2,on time and well packaged
ORD25QBRMQ,Headphones,Headphones shipped via Road from Port Harcourt to Port Harcourt,Port Harcourt,Port Harcourt,Road,2025-06-04,4,delayed shipment due to weather
ORDOZDUCKQ,Monitor,Monitor shipped via Road from Kano to Abuja,Kano,Abuja,Road,2025-07-15,6,package arrived damaged
ORD9NM3V2P,Watch,Watch shipped via Road from Ibadan to Abuja,Ibadan,Abuja,Road,2025-11-09,3,delayed shipment due to weather
ORD0Z4EVLD,Camera,Camera shipped via Express from Abuja to Port Harcourt,Abuja,Port Harcourt,Express,2024-03-12,6,delivery slower than expected
ORDD31NRXD,Headphones,Headphones shipped via Road from Ibadan to Lagos,Ibadan,Lagos,Road,2025-11-07,0,package arrived damaged
ORDQKWQH5K,Backpack,Backpack shipped via Air from Kano to Port Harcourt,Kano,Port Harcourt,Air,2025-08-19,0,fast delivery and great service
ORDWS44C68,Smartphone,Smartphone shipped via Air from Ibadan to Port Harcourt,Ibadan,Port Harcourt,Air,2024-10-15,2,fast delivery and great service
ORDIZOLNNT,Headphones,Headphones shipped via Road from Kano to Abuja,Kano,Abuja,Road,2025-07-22,3,tracking updates were helpful
ORD4MPK5EA,Smartphone,Smartphone shipped via Express from Abuja to Kano,Abuja,Kano,Express,2024-05-19,2,delayed shipment due to weather
ORDE346Z7W,Camera,Camera shipped via Express from Ibadan to Kano,Ibadan,Kano,Express,2025-01-28,0,on time and well packaged
ORDIPAR0ZJ,Keyboard,Keyboard shipped via Air from Ibadan to Port Harcourt,Ibadan,Port Harcourt,Air,2024-02-08,2,delivery slower than expected
ORDRNU8C0S,Backpack,Backpack shipped via Air from Kano to Ibadan,Kano,Ibadan,Air,2025-06-19,0,delivery slower than expected
ORDDR08CW2,Backpack,Backpack shipped via Sea from Ibadan to Lagos,Ibadan,Lagos,Sea,2025-07-01,4,fast delivery and great service
ORDQSQ0P82,Backpack,Backpack shipped via Sea from Abuja to Lagos,Abuja,Lagos,Sea,2025-07-31,3,late delivery caused frustration
ORDCRGB93W,Backpack,Backpack shipped via Road from Kano to Lagos,Kano,Lagos,Road,2025-06-01,1,delayed shipment due to weather
ORD4KEK4AE,Headphones,Headphones shipped via Express from Ibadan to Abuja,Ibadan,Abuja,Express,2025-01-13,1,package arrived damaged
ORDJZR25MD,Headphones,Headphones shipped via Express from Ibadan to Abuja,Ibadan,Abuja,Express,2025-02-26,0,tracking updates were helpful
ORDIPWH0MX,Laptop,Laptop shipped via Express from Lagos to Abuja,Lagos,Abuja,Express,2025-02-12,2,poor handling caused delay
ORDK01TNZR,Headphones,Headphones shipped via Air from Ibadan to Kano,Ibadan,Kano,Air,2024-10-22,4,poor handling caused delay
ORDNLT8DTM,Tablet,Tablet shipped via Sea from Ibadan to Port Harcourt,Ibadan,Port Harcourt,Sea,2024-10-03,1,late delivery caused frustration
ORD2JVQYIY,Shoes,Shoes shipped via Road from Ibadan to Port Harcourt,Ibadan,Port Harcourt,Road,2024-11-16,4,smooth and fast shipping process
ORDAACOSYM,Backpack,Backpack shipped via Air from Port Harcourt to Abuja,Port Harcourt,Abuja,Air,2024-01-25,1,delivery slower than expected
ORDD7X48WZ,Laptop,Laptop shipped via Road from Lagos to Ibadan,Lagos,Ibadan,Road,2025-01-19,1,delivery slower than expected
ORD2GDGKXC,Camera,Camera shipped via Sea from Port Harcourt to Kano,Port Harcourt,Kano,Sea,2024-09-20,2,package arrived damaged
ORD2JCN9J3,Headphones,Headphones shipped via Express from Kano to Lagos,Kano,Lagos,Express,2024-07-24,0,delivery slower than expected
ORDOXDTPWD,Camera,Camera shipped via Air from Port Harcourt to Lagos,Port Harcourt,Lagos,Air,2024-03-15,1,delayed shipment due to weather
ORDUJQ6FX7,Tablet,Tablet shipped via Sea from Port Harcourt to Abuja,Port Harcourt,Abuja,Sea,2025-02-04,0,delivery slower than expected
ORDAZ1RO03,Laptop,Laptop shipped via Air from Ibadan to Abuja,Ibadan,Abuja,Air,2025-01-28,6,poor handling caused delay
ORDET9MKB9,Laptop,Laptop shipped via Sea from Port Harcourt to Ibadan,Port Harcourt,Ibadan,Sea,2024-03-23,3,poor handling caused delay
ORD1KHT8XK,Tablet,Tablet shipped via Express from Lagos to Port Harcourt,Lagos,Port Harcourt,Express,2024-03-27,1,poor handling caused delay
ORD0FGZVRC,Keyboard,Keyboard shipped via Express from Port Harcourt to Kano,Port Harcourt,Kano,Express,2024-01-17,3,fast delivery and great service
ORDMMZOHXS,Keyboard,Keyboard shipped via Road from Abuja to Ibadan,Abuja,Ibadan,Road,2024-03-14,2,fast delivery and great service
ORD0RA6WIX,Smartphone,Smartphone shipped via Sea from Abuja to Lagos,Abuja,Lagos,Sea,2024-04-09,2,poor handling caused delay
ORDW4C3EVW,Laptop,Laptop shipped via Sea from Abuja to Kano,Abuja,Kano,Sea,2025-11-25,4,tracking updates were helpful
ORDL9UE421,Monitor,Monitor shipped via Air from Abuja to Port Harcourt,Abuja,Port Harcourt,Air,2024-05-03,4,late delivery caused frustration
ORDFOZTP7B,Laptop,Laptop shipped via Road from Ibadan to Kano,Ibadan,Kano,Road,2024-01-17,1,poor handling caused delay
ORDCA7ZVKY,Camera,Camera shipped via Road from Abuja to Abuja,Abuja,Abuja,Road,2025-10-17,1,late delivery caused frustration
ORDSO7VBGR,Laptop,Laptop shipped via Express from Port Harcourt to Port Harcourt,Port Harcourt,Port Harcourt,Express,2024-01-05,2,smooth and fast shipping process
ORDIETDN1T,Shoes,Shoes shipped via Sea from Kano to Abuja,Kano,Abuja,Sea,2024-02-24,0,excellent logistics experience
ORDEF46RF7,Smartphone,Smartphone shipped via Road from Port Harcourt to Port Harcourt,Port Harcourt,Port Harcourt,Road,2025-03-21,0,late delivery caused frustration
ORDM21B07G,Smartphone,Smartphone shipped via Air from Kano to Ibadan,Kano,Ibadan,Air,2024-03-13,5,excellent logistics experience
ORDZVLHYL2,Watch,Watch shipped via Road from Abuja to Lagos,Abuja,Lagos,Road,2025-02-26,6,excellent logistics experience
ORDNHQR6F7,Camera,Camera shipped via Sea from Abuja to Kano,Abuja,Kano,Sea,2024-05-19,2,poor handling caused delay
ORDZW9HEYC,Headphones,Headphones shipped via Express from Lagos to Kano,Lagos,Kano,Express,2025-03-04,4,package arrived damaged
ORD1HKF286,Monitor,Monitor shipped via Air from Ibadan to Abuja,Ibadan,Abuja,Air,2025-02-25,3,smooth and fast shipping process
ORDR9V4K00,Shoes,Shoes shipped via Express from Abuja to Port Harcourt,Abuja,Port Harcourt,Express,2025-08-16,9,excellent logistics experience
ORD6VFUA9B,Camera,Camera shipped via Express from Ibadan to Lagos,Ibadan,Lagos,Express,2025-06-27,5,tracking updates were helpful
ORDR23QIUA,Tablet,Tablet shipped via Sea from Abuja to Abuja,Abuja,Abuja,Sea,2024-10-29,2,excellent logistics experience
ORDXDRKZ40,Smartphone,Smartphone shipped via Road from Kano to Kano,Kano,Kano,Road,2025-12-21,1,tracking updates were helpful
ORDG5WZAWN,Watch,Watch shipped via Sea from Ibadan to Lagos,Ibadan,Lagos,Sea,2025-03-12,0,late delivery caused frustration
ORDZWUHYWM,Smartphone,Smartphone shipped via Air from Ibadan to Port Harcourt,Ibadan,Port Harcourt,Air,2024-04-23,3,tracking updates were helpful
ORDNWNGUCZ,Shoes,Shoes shipped via Road from Abuja to Port Harcourt,Abuja,Port Harcourt,Road,2025-07-06,1,delayed shipment due to weather
ORDX015Z11,Watch,Watch shipped via Express from Port Harcourt to Port Harcourt,Port Harcourt,Port Harcourt,Express,2024-10-10,0,fast delivery and great service
ORDCMRSEZY,Keyboard,Keyboard shipped via Sea from Port Harcourt to Kano,Port Harcourt,Kano,Sea,2025-11-20,1,delayed shipment due to weather
ORDG5DOG8C,Headphones,Headphones shipped via Road from Port Harcourt to Lagos,Port Harcourt,Lagos,Road,2025-05-23,0,package arrived damaged
ORD5SWK8TE,Watch,Watch shipped via Air from Kano to Kano,Kano,Kano,Air,2024-10-25,6,excellent logistics experience
ORDC5I8XOM,Watch,Watch shipped via Express from Kano to Ibadan,Kano,Ibadan,Express,2025-04-13,4,late delivery caused frustration
ORDU6L2INK,Smartphone,Smartphone shipped via Sea from Abuja to Port Harcourt,Abuja,Port Harcourt,Sea,2025-04-11,2,package arrived damaged
ORDWFTGGZ6,Headphones,Headphones shipped via Air from Abuja to Abuja,Abuja,Abuja,Air,2024-02-12,5,on time and well packaged
ORDUPNHZX9,Headphones,Headphones shipped via Road from Port Harcourt to Kano,Port Harcourt,Kano,Road,2025-06-30,3,late delivery caused frustration
ORDEA7187F,Keyboard,Keyboard shipped via Sea from Ibadan to Port Harcourt,Ibadan,Port Harcourt,Sea,2025-04-30,1,late delivery caused frustration
ORD819Y207,Watch,Watch shipped via Air from Lagos to Kano,Lagos,Kano,Air,2024-05-22,6,smooth and fast shipping process
ORDEAWHMLV,Shoes,Shoes shipped via Road from Ibadan to Ibadan,Ibadan,Ibadan,Road,2024-10-11,4,excellent logistics experience
ORDATQYDSH,Watch,Watch shipped via Air from Ibadan to Ibadan,Ibadan,Ibadan,Air,2025-11-13,0,on time and well packaged
ORDOZPNAML,Camera,Camera shipped via Road from Ibadan to Lagos,Ibadan,Lagos,Road,2025-03-30,2,tracking updates were helpful
ORD2K38P6F,Monitor,Monitor shipped via Road from Ibadan to Lagos,Ibadan,Lagos,Road,2024-07-31,1,late delivery caused frustration
ORDR59C81D,Tablet,Tablet shipped via Road from Port Harcourt to Kano,Port Harcourt,Kano,Road,2025-07-23,0,poor handling caused delay
ORDZ1EGNTB,Backpack,Backpack shipped via Express from Ibadan to Port Harcourt,Ibadan,Port Harcourt,Express,2025-07-26,4,poor handling caused delay
ORDI2FKXWE,Backpack,Backpack shipped via Express from Kano to Abuja,Kano,Abuja,Express,2025-12-05,6,excellent logistics experience
ORDB1R8VNR,Tablet,Tablet shipped via Air from Port Harcourt to Kano,Port Harcourt,Kano,Air,2025-01-17,0,smooth and fast shipping process
ORD0AJUFQY,Watch,Watch shipped via Sea from Abuja to Lagos,Abuja,Lagos,Sea,2025-01-04,4,tracking updates were helpful
ORDW8BKXCG,Headphones,Headphones shipped via Road from Lagos to Ibadan,Lagos,Ibadan,Road,2025-07-10,1,on time and well packaged
ORD53YKYYD,Monitor,Monitor shipped via Air from Port Harcourt to Abuja,Port Harcourt,Abuja,Air,2024-05-20,2,smooth and fast shipping process
ORDK2O7FHS,Shoes,Shoes shipped via Air from Ibadan to Ibadan,Ibadan,Ibadan,Air,2025-03-03,1,poor handling caused delay
ORD6EEAMYF,Camera,Camera shipped via Sea from Ibadan to Ibadan,Ibadan,Ibadan,Sea,2024-06-25,1,late delivery caused frustration
ORDB3I4FIE,Headphones,Headphones shipped via Air from Lagos to Kano,Lagos,Kano,Air,2024-03-20,3,fast delivery and great service
ORD11BD2SC,Laptop,Laptop shipped via Air from Port Harcourt to Lagos,Port Harcourt,Lagos,Air,2024-11-04,1,fast delivery and great service
ORD127H6GM,Laptop,Laptop shipped via Sea from Abuja to Port Harcourt,Abuja,Port Harcourt,Sea,2024-12-26,3,package arrived damaged
ORD42WSC31,Keyboard,Keyboard shipped via Sea from Abuja to Abuja,Abuja,Abuja,Sea,2024-06-24,2,smooth and fast shipping process
ORDA0774RZ,Headphones,Headphones shipped via Road from Kano to Lagos,Kano,Lagos,Road,2024-12-29,2,tracking updates were helpful
ORDPSO1LQS,Camera,Camera shipped via Air from Port Harcourt to Port Harcourt,Port Harcourt,Port Harcourt,Air,2024-03-25,1,on time and well packaged
ORDRNQ0Y4I,Tablet,Tablet shipped via Road from Port Harcourt to Kano,Port Harcourt,Kano,Road,2024-03-12,1,poor handling caused delay
ORD7NAYYOS,Laptop,Laptop shipped via Express from Lagos to Abuja,Lagos,Abuja,Express,2025-02-14,4,delivery slower than expected
ORD906GNHH,Tablet,Tablet shipped via Express from Lagos to Abuja,Lagos,Abuja,Express,2025-05-26,4,late delivery caused frustration
ORD11V127M,Monitor,Monitor shipped via Sea from Kano to Kano,Kano,Kano,Sea,2024-05-30,1,poor handling caused delay
ORDDJRWEDB,Laptop,Laptop shipped via Road from Kano to Lagos,Kano,Lagos,Road,2025-01-26,3,delivery slower than expected
ORDYFWDC11,Camera,Camera shipped via Express from Abuja to Port Harcourt,Abuja,Port Harcourt,Express,2025-05-17,4,smooth and fast shipping process
ORDJM4T8BP,Laptop,Laptop shipped via Sea from Kano to Kano,Kano,Kano,Sea,2025-01-20,0,poor handling caused delay
ORDQBU4KZR,Headphones,Headphones shipped via Express from Port Harcourt to Kano,Port Harcourt,Kano,Express,2024-04-22,4,delivery slower than expected
ORDYXYUR4S,Tablet,Tablet shipped via Express from Port Harcourt to Kano,Port Harcourt,Kano,Express,2025-09-23,1,on time and well packaged
ORD1KCVEN3,Monitor,Monitor shipped via Express from Lagos to Port Harcourt,Lagos,Port Harcourt,Express,2024-04-09,4,tracking updates were helpful
ORDMMMXIXV,Laptop,Laptop shipped via Sea from Port Harcourt to Lagos,Port Harcourt,Lagos,Sea,2024-06-22,1,fast delivery and great service
ORDTBXPSPA,Camera,Camera shipped via Sea from Ibadan to Lagos,Ibadan,Lagos,Sea,2025-01-21,0,delivery slower than expected
ORDOU3DYMS,Watch,Watch shipped via Sea from Abuja to Ibadan,Abuja,Ibadan,Sea,2025-01-07,0,tracking updates were helpful
ORDHW9C4HJ,Backpack,Backpack shipped via Road from Ibadan to Kano,Ibadan,Kano,Road,2025-10-01,3,delayed shipment due to weather
ORDZUVJUTP,Watch,Watch shipped via Sea from Lagos to Port Harcourt,Lagos,Port Harcourt,Sea,2025-03-19,3,smooth and fast shipping process
ORDLOJSYT5,Keyboard,Keyboard shipped via Express from Abuja to Ibadan,Abuja,Ibadan,Express,2024-08-06,1,poor handling caused delay
ORDJW34670,Smartphone,Smartphone shipped via Sea from Ibadan to Abuja,Ibadan,Abuja,Sea,2025-04-18,4,package arrived damaged
ORDI014O46,Shoes,Shoes shipped via Sea from Kano to Port Harcourt,Kano,Port Harcourt,Sea,2025-10-23,0,package arrived damaged
ORDJVOEGI3,Camera,Camera shipped via Express from Kano to Ibadan,Kano,Ibadan,Express,2025-03-08,2,fast delivery and great service
ORDHJB2JTX,Smartphone,Smartphone shipped via Air from Kano to Lagos,Kano,Lagos,Air,2024-03-26,0,on time and well packaged
ORDV56ONXD,Headphones,Headphones shipped via Air from Abuja to Lagos,Abuja,Lagos,Air,2025-06-18,1,delivery slower than expected
ORD87J5IE3,Watch,Watch shipped via Road from Ibadan to Kano,Ibadan,Kano,Road,2025-03-09,3,excellent logistics experience
ORDFG8PJVR,Watch,Watch shipped via Express from Lagos to Port Harcourt,Lagos,Port Harcourt,Express,2025-05-01,1,excellent logistics experience
ORD857NZ3A,Monitor,Monitor shipped via Road from Lagos to Lagos,Lagos,Lagos,Road,2024-09-16,2,smooth and fast shipping process
ORDNXZ6YTI,Camera,Camera shipped via Express from Kano to Lagos,Kano,Lagos,Express,2024-09-18,5,late delivery caused frustration
ORDD3IH66W,Tablet,Tablet shipped via Air from Lagos to Port Harcourt,Lagos,Port Harcourt,Air,2025-05-18,1,poor handling caused delay
ORD07LP7DF,Backpack,Backpack shipped via Sea from Ibadan to Lagos,Ibadan,Lagos,Sea,2025-03-06,4,delivery slower than expected
ORD0TLZ1XG,Camera,Camera shipped via Express from Abuja to Lagos,Abuja,Lagos,Express,2024-07-23,0,late delivery caused frustration
ORDLCFS831,Monitor,Monitor shipped via Express from Kano to Port Harcourt,Kano,Port Harcourt,Express,2025-05-04,4,package arrived damaged
ORDJY32HOG,Tablet,Tablet shipped via Air from Ibadan to Abuja,Ibadan,Abuja,Air,2024-01-24,5,smooth and fast shipping process
ORDXW69HZG,Tablet,Tablet shipped via Sea from Ibadan to Kano,Ibadan,Kano,Sea,2024-06-01,0,delayed shipment due to weather
ORD8GUAS17,Camera,Camera shipped via Road from Lagos to Abuja,Lagos,Abuja,Road,2024-07-14,1,late delivery caused frustration
ORDKRE4V9K,Shoes,Shoes shipped via Express from Kano to Abuja,Kano,Abuja,Express,2024-05-29,4,fast delivery and great service
ORDKJW6NYQ,Smartphone,Smartphone shipped via Sea from Kano to Abuja,Kano,Abuja,Sea,2025-12-10,2,tracking updates were helpful
ORDYZZ0JDC,Watch,Watch shipped via Sea from Abuja to Kano,Abuja,Kano,Sea,2025-09-12,3,delivery slower than expected
ORDZ3ASN9Y,Headphones,Headphones shipped via Road from Ibadan to Lagos,Ibadan,Lagos,Road,2024-09-23,1,package arrived damaged
ORDS75ELTF,Laptop,Laptop shipped via Road from Port Harcourt to Lagos,Port Harcourt,Lagos,Road,2025-05-26,3,late delivery caused frustration
ORD07K5W1J,Watch,Watch shipped via Sea from Kano to Abuja,Kano,Abuja,Sea,2025-05-18,2,package arrived damaged
ORDU7WPGBG,Camera,Camera shipped via Express from Port Harcourt to Abuja,Port Harcourt,Abuja,Express,2025-03-22,5,delayed shipment due to weather
ORD97BMZRR,Headphones,Headphones shipped via Air from Lagos to Port Harcourt,Lagos,Port Harcourt,Air,2024-07-27,3,late delivery caused frustration
ORDGGSJ6VV,Smartphone,Smartphone shipped via Road from Ibadan to Ibadan,Ibadan,Ibadan,Road,2025-03-02,3,delayed shipment due to weather
ORDIRDLK9E,Watch,Watch shipped via Sea from Ibadan to Lagos,Ibadan,Lagos,Sea,2024-06-06,2,fast delivery and great service
ORDC3XQ8VA,Smartphone,Smartphone shipped via Sea from Ibadan to Kano,Ibadan,Kano,Sea,2025-08-05,2,package arrived damaged
ORDHBXLBC8,Tablet,Tablet shipped via Sea from Lagos to Kano,Lagos,Kano,Sea,2024-07-01,2,excellent logistics experience
ORD85D4F2K,Headphones,Headphones shipped via Express from Lagos to Port Harcourt,Lagos,Port Harcourt,Express,2025-03-18,3,late delivery caused frustration
ORD6VMDNHQ,Tablet,Tablet shipped via Express from Kano to Port Harcourt,Kano,Port Harcourt,Express,2024-04-02,2,tracking updates were helpful
ORD3WPPBMQ,Shoes,Shoes shipped via Air from Abuja to Kano,Abuja,Kano,Air,2024-10-24,3,poor handling caused delay
ORDP6RFE64,Keyboard,Keyboard shipped via Air from Kano to Port Harcourt,Kano,Port Harcourt,Air,2025-07-18,7,delayed shipment due to weather
ORD7SSOQZ3,Watch,Watch shipped via Air from Port Harcourt to Ibadan,Port Harcourt,Ibadan,Air,2025-05-30,4,fast delivery and great service
ORDEXGGOC5,Backpack,Backpack shipped via Express from Port Harcourt to Ibadan,Port Harcourt,Ibadan,Express,2025-11-17,2,poor handling caused delay
ORDWJ85GG0,Monitor,Monitor shipped via Express from Port Harcourt to Lagos,Port Harcourt,Lagos,Express,2025-07-01,5,fast delivery and great service
ORDAEGRY58,Monitor,Monitor shipped via Sea from Kano to Port Harcourt,Kano,Port Harcourt,Sea,2025-12-08,2,tracking updates were helpful
ORD2DEG3ZG,Smartphone,Smartphone shipped via Road from Abuja to Kano,Abuja,Kano,Road,2025-10-27,0,excellent logistics experience
ORDPW2GKQR,Smartphone,Smartphone shipped via Road from Lagos to Abuja,Lagos,Abuja,Road,2025-12-20,0,poor handling caused delay
ORD8Q4VHU4,Smartphone,Smartphone shipped via Air from Port Harcourt to Lagos,Port Harcourt,Lagos,Air,2025-10-07,0,tracking updates were helpful
ORD940VTKR,Camera,Camera shipped via Express from Ibadan to Ibadan,Ibadan,Ibadan,Express,2024-08-25,2,fast delivery and great service
ORDTPLC6PR,Camera,Camera shipped via Express from Ibadan to Port Harcourt,Ibadan,Port Harcourt,Express,2025-12-15,3,tracking updates were helpful
ORDAKGMIH6,Watch,Watch shipped via Road from Ibadan to Kano,Ibadan,Kano,Road,2024-10-27,6,tracking updates were helpful
ORD83Y0224,Monitor,Monitor shipped via Air from Abuja to Port Harcourt,Abuja,Port Harcourt,Air,2025-11-14,3,poor handling caused delay
ORDEHVDO9K,Shoes,Shoes shipped via Air from Ibadan to Lagos,Ibadan,Lagos,Air,2025-01-02,2,late delivery caused frustration
ORDMF36BCP,Monitor,Monitor shipped via Road from Abuja to Lagos,Abuja,Lagos,Road,2025-05-13,4,late delivery caused frustration
ORD9211U64,Keyboard,Keyboard shipped via Air from Ibadan to Lagos,Ibadan,Lagos,Air,2025-03-24,0,poor handling caused delay
ORD8192V4D,Keyboard,Keyboard shipped via Air from Lagos to Ibadan,Lagos,Ibadan,Air,2024-06-20,3,delayed shipment due to weather
ORD56FKPS0,Laptop,Laptop shipped via Sea from Abuja to Port Harcourt,Abuja,Port Harcourt,Sea,2024-05-21,4,delayed shipment due to weather
ORD4PO1I3M,Keyboard,Keyboard shipped via Sea from Abuja to Lagos,Abuja,Lagos,Sea,2025-01-16,0,tracking updates were helpful
ORDMXF1PI2,Tablet,Tablet shipped via Sea from Kano to Kano,Kano,Kano,Sea,2024-01-31,5,poor handling caused delay
ORDFA37DL9,Headphones,Headphones shipped via Express from Kano to Lagos,Kano,Lagos,Express,2024-02-07,3,package arrived damaged
ORD6CWZXSK,Tablet,Tablet shipped via Sea from Ibadan to Port Harcourt,Ibadan,Port Harcourt,Sea,2024-12-18,2,fast delivery and great service
ORD36VFOX5,Monitor,Monitor shipped via Sea from Ibadan to Kano,Ibadan,Kano,Sea,2025-10-26,4,tracking updates were helpful
ORD15DTOZ5,Keyboard,Keyboard shipped via Road from Ibadan to Port Harcourt,Ibadan,Port Harcourt,Road,2024-04-05,7,smooth and fast shipping process
ORDTS1FB2V,Shoes,Shoes shipped via Air from Port Harcourt to Kano,Port Harcourt,Kano,Air,2024-03-02,3,on time and well packaged
ORDJSE17QU,Smartphone,Smartphone shipped via Road from Kano to Port Harcourt,Kano,Port Harcourt,Road,2025-08-18,3,delivery slower than expected
ORDZ7X4IKY,Monitor,Monitor shipped via Road from Abuja to Kano,Abuja,Kano,Road,2024-04-17,2,on time and well packaged
ORDSG2QFPO,Laptop,Laptop shipped via Road from Lagos to Kano,Lagos,Kano,Road,2025-05-02,1,excellent logistics experience
ORDQNSVSOJ,Camera,Camera shipped via Express from Kano to Kano,Kano,Kano,Express,2025-03-02,4,package arrived damaged
ORDFEZEZ5E,Shoes,Shoes shipped via Air from Kano to Kano,Kano,Kano,Air,2024-06-09,1,smooth and fast shipping process
ORDN8VOEUB,Headphones,Headphones shipped via Sea from Lagos to Port Harcourt,Lagos,Port Harcourt,Sea,2025-01-18,3,late delivery caused frustration
ORDKBF2P7K,Backpack,Backpack shipped via Express from Abuja to Abuja,Abuja,Abuja,Express,2024-01-03,2,delayed shipment due to weather
ORDTCBRLQM,Tablet,Tablet shipped via Road from Kano to Ibadan,Kano,Ibadan,Road,2024-05-21,3,smooth and fast shipping process
ORDW1YF0DW,Monitor,Monitor shipped via Road from Kano to Kano,Kano,Kano,Road,2025-02-08,3,on time and well packaged
ORDT860X5Z,Monitor,Monitor shipped via Air from Port Harcourt to Ibadan,Port Harcourt,Ibadan,Air,2025-10-21,5,smooth and fast shipping process
ORDD8T18S1,Keyboard,Keyboard shipped via Road from Lagos to Lagos,Lagos,Lagos,Road,2024-01-20,1,late delivery caused frustration
ORD2IZ5P3V,Tablet,Tablet shipped via Express from Ibadan to Lagos,Ibadan,Lagos,Express,2024-01-24,2,on time and well packaged
ORDPO4LJED,Headphones,Headphones shipped via Road from Port Harcourt to Abuja,Port Harcourt,Abuja,Road,2024-09-18,1,delayed shipment due to weather
ORDF8YC8GZ,Backpack,Backpack shipped via Sea from Kano to Lagos,Kano,Lagos,Sea,2024-05-25,2,tracking updates were helpful
ORD6J76BIV,Shoes,Shoes shipped via Express from Kano to Ibadan,Kano,Ibadan,Express,2024-04-27,3,late delivery caused frustration
ORDCQOROI5,Backpack,Backpack shipped via Air from Ibadan to Ibadan,Ibadan,Ibadan,Air,2024-09-09,4,smooth and fast shipping process
ORDXEUQ4S2,Headphones,Headphones shipped via Road from Port Harcourt to Ibadan,Port Harcourt,Ibadan,Road,2024-09-08,1,smooth and fast shipping process
ORD88TB38W,Headphones,Headphones shipped via Express from Lagos to Lagos,Lagos,Lagos,Express,2024-10-06,4,delivery slower than expected
ORDJY94H4K,Headphones,Headphones shipped via Air from Ibadan to Ibadan,Ibadan,Ibadan,Air,2024-11-03,5,delayed shipment due to weather
ORDOEFUKPV,Watch,Watch shipped via Express from Port Harcourt to Port Harcourt,Port Harcourt,Port Harcourt,Express,2024-10-06,3,excellent logistics experience
ORDXLH8L6E,Smartphone,Smartphone shipped via Air from Ibadan to Kano,Ibadan,Kano,Air,2024-01-10,6,package arrived damaged
ORDO6Z1T2X,Laptop,Laptop shipped via Express from Ibadan to Lagos,Ibadan,Lagos,Express,2025-11-19,1,delayed shipment due to weather
ORDM33MG1Z,Smartphone,Smartphone shipped via Sea from Lagos to Kano,Lagos,Kano,Sea,2024-07-16,0,poor handling caused delay
ORDA01YZG3,Backpack,Backpack shipped via Express from Abuja to Abuja,Abuja,Abuja,Express,2025-01-06,0,fast delivery and great service
ORDK6ZHH3O,Backpack,Backpack shipped via Express from Ibadan to Ibadan,Ibadan,Ibadan,Express,2024-06-23,5,smooth and fast shipping process
ORDG0YVGV0,Headphones,Headphones shipped via Road from Port Harcourt to Ibadan,Port Harcourt,Ibadan,Road,2025-06-19,4,late delivery caused frustration
ORDGY9YTJU,Camera,Camera shipped via Air from Lagos to Kano,Lagos,Kano,Air,2024-11-26,2,tracking updates were helpful
ORD4OESRSB,Shoes,Shoes shipped via Express from Lagos to Port Harcourt,Lagos,Port Harcourt,Express,2025-06-29,3,poor handling caused delay
ORDLOM539I,Tablet,Tablet shipped via Road from Lagos to Abuja,Lagos,Abuja,Road,2024-06-17,0,on time and well packaged
ORDLWDR3VW,Watch,Watch shipped via Air from Port Harcourt to Abuja,Port Harcourt,Abuja,Air,2025-04-29,7,excellent logistics experience
ORD833SICV,Camera,Camera shipped via Air from Lagos to Kano,Lagos,Kano,Air,2024-03-28,3,fast delivery and great service
ORD7N6Y2C2,Smartphone,Smartphone shipped via Express from Port Harcourt to Ibadan,Port Harcourt,Ibadan,Express,2024-03-08,3,delayed shipment due to weather
ORDYUKND1I,Monitor,Monitor shipped via Express from Ibadan to Lagos,Ibadan,Lagos,Express,2025-01-28,4,poor handling caused delay
ORD25WM72Q,Watch,Watch shipped via Air from Ibadan to Abuja,Ibadan,Abuja,Air,2024-04-15,3,fast delivery and great service
ORDVC2GUWJ,Tablet,Tablet shipped via Express from Kano to Ibadan,Kano,Ibadan,Express,2024-07-09,3,excellent logistics experience
ORDEBEVSXM,Monitor,Monitor shipped via Road from Ibadan to Abuja,Ibadan,Abuja,Road,2025-04-25,1,late delivery caused frustration
ORDVK8SXFI,Keyboard,Keyboard shipped via Sea from Lagos to Kano,Lagos,Kano,Sea,2024-07-19,3,excellent logistics experience
ORDXHCGRYQ,Watch,Watch shipped via Sea from Ibadan to Ibadan,Ibadan,Ibadan,Sea,2025-09-22,6,late delivery caused frustration
ORDPFQ2BHA,Shoes,Shoes shipped via Road from Abuja to Kano,Abuja,Kano,Road,2024-09-01,5,poor handling caused delay
ORD08L0HG9,Watch,Watch shipped via Sea from Lagos to Lagos,Lagos,Lagos,Sea,2024-01-31,6,smooth and fast shipping process
ORDEKGV1BB,Shoes,Shoes shipped via Road from Port Harcourt to Abuja,Port Harcourt,Abuja,Road,2024-09-25,1,package arrived damaged
ORDMTGA46A,Headphones,Headphones shipped via Sea from Kano to Lagos,Kano,Lagos,Sea,2024-08-03,1,late delivery caused frustration
ORDQNNGS2W,Tablet,Tablet shipped via Road from Lagos to Lagos,Lagos,Lagos,Road,2024-05-13,2,excellent logistics experience
ORDGNNV9IB,Monitor,Monitor shipped via Sea from Ibadan to Abuja,Ibadan,Abuja,Sea,2024-06-01,3,on time and well packaged
ORDIWKESVR,Laptop,Laptop shipped via Air from Kano to Ibadan,Kano,Ibadan,Air,2024-06-20,5,smooth and fast shipping process
ORDN51NSGZ,Keyboard,Keyboard shipped via Express from Kano to Kano,Kano,Kano,Express,2024-10-01,0,delivery slower than expected
ORDO7VBHH5,Tablet,Tablet shipped via Express from Abuja to Port Harcourt,Abuja,Port Harcourt,Express,2025-01-21,6,delivery slower than expected
ORDF4JD1KS,Shoes,Shoes shipped via Express from Ibadan to Lagos,Ibadan,Lagos,Express,2025-06-08,2,delivery slower than expected
ORDMQPNRJA,Camera,Camera shipped via Air from Abuja to Port Harcourt,Abuja,Port Harcourt,Air,2025-01-02,2,delayed shipment due to weather
ORDKSTCJIE,Watch,Watch shipped via Road from Lagos to Ibadan,Lagos,Ibadan,Road,2024-12-07,0,excellent logistics experience
ORDYJ014GV,Headphones,Headphones shipped via Air from Ibadan to Port Harcourt,Ibadan,Port Harcourt,Air,2024-11-02,0,late delivery caused frustration
ORD32OOUXQ,Keyboard,Keyboard shipped via Road from Abuja to Kano,Abuja,Kano,Road,2024-08-20,4,excellent logistics experience
ORDRS210Q2,Watch,Watch shipped via Express from Abuja to Kano,Abuja,Kano,Express,2024-08-02,3,poor handling caused delay
ORDQUNUE7A,Watch,Watch shipped via Express from Port Harcourt to Abuja,Port Harcourt,Abuja,Express,2025-03-11,0,tracking updates were helpful
ORD1YKVUBF,Watch,Watch shipped via Express from Ibadan to Ibadan,Ibadan,Ibadan,Express,2025-01-25,0,excellent logistics experience
ORD8CNRL8X,Backpack,Backpack shipped via Air from Lagos to Abuja,Lagos,Abuja,Air,2025-11-22,2,smooth and fast shipping process
ORDG3VAH6N,Shoes,Shoes shipped via Air from Abuja to Port Harcourt,Abuja,Port Harcourt,Air,2025-04-10,6,fast delivery and great service
ORDNAL6O9E,Tablet,Tablet shipped via Express from Kano to Lagos,Kano,Lagos,Express,2024-07-30,2,package arrived damaged
ORD5L3XFUL,Shoes,Shoes shipped via Sea from Ibadan to Kano,Ibadan,Kano,Sea,2024-07-25,0,fast delivery and great service
ORD9Q3VILU,Camera,Camera shipped via Air from Kano to Kano,Kano,Kano,Air,2024-04-03,2,late delivery caused frustration
ORDX7M42O3,Headphones,Headphones shipped via Road from Kano to Abuja,Kano,Abuja,Road,2025-09-24,2,tracking updates were helpful
ORDQ6GUO8I,Headphones,Headphones shipped via Sea from Port Harcourt to Ibadan,Port Harcourt,Ibadan,Sea,2025-11-13,0,delayed shipment due to weather
ORDZ0HR9T9,Laptop,Laptop shipped via Sea from Lagos to Ibadan,Lagos,Ibadan,Sea,2025-02-23,2,poor handling caused delay
ORDFHBAWYQ,Watch,Watch shipped via Express from Kano to Abuja,Kano,Abuja,Express,2024-02-08,2,fast delivery and great service
ORDJZEYQQC,Shoes,Shoes shipped via Express from Kano to Abuja,Kano,Abuja,Express,2024-10-12,4,package arrived damaged
ORDGADKTOC,Smartphone,Smartphone shipped via Express from Port Harcourt to Abuja,Port Harcourt,Abuja,Express,2025-01-01,6,package arrived damaged
ORDHBYHZ43,Laptop,Laptop shipped via Express from Kano to Port Harcourt,Kano,Port Harcourt,Express,2024-02-23,5,delivery slower than expected
ORDA117NID,Tablet,Tablet shipped via Sea from Lagos to Lagos,Lagos,Lagos,Sea,2024-07-15,2,delayed shipment due to weather
ORDH523GGO,Laptop,Laptop shipped via Road from Port Harcourt to Port Harcourt,Port Harcourt,Port Harcourt,Road,2025-10-01,0,excellent logistics experience
ORD7OPIDLA,Watch,Watch shipped via Road from Lagos to Kano,Lagos,Kano,Road,2025-04-14,8,excellent logistics experience
ORDC3XNCHK,Monitor,Monitor shipped via Road from Kano to Lagos,Kano,Lagos,Road,2024-09-14,3,delayed shipment due to weather
ORDV9ZY9YL,Watch,Watch shipped via Sea from Kano to Lagos,Kano,Lagos,Sea,2024-01-19,3,delivery slower than expected
ORD6QS0SZA,Smartphone,Smartphone shipped via Sea from Ibadan to Lagos,Ibadan,Lagos,Sea,2024-08-30,2,tracking updates were helpful
ORD1WCNKFH,Smartphone,Smartphone shipped via Express from Abuja to Ibadan,Abuja,Ibadan,Express,2024-12-02,3,package arrived damaged
ORDKX1S9XK,Smartphone,Smartphone shipped via Sea from Abuja to Port Harcourt,Abuja,Port Harcourt,Sea,2024-09-05,2,excellent logistics experience
ORDT6XIYZV,Tablet,Tablet shipped via Road from Ibadan to Port Harcourt,Ibadan,Port Harcourt,Road,2025-03-28,1,fast delivery and great service
ORDCR8B97E,Headphones,Headphones shipped via Road from Ibadan to Ibadan,Ibadan,Ibadan,Road,2024-08-29,1,smooth and fast shipping process
ORDC0LZIGI,Backpack,Backpack shipped via Road from Ibadan to Kano,Ibadan,Kano,Road,2024-10-05,2,poor handling caused delay
ORDC9OGPS0,Headphones,Headphones shipped via Express from Kano to Lagos,Kano,Lagos,Express,2025-03-13,1,delayed shipment due to weather
ORD17VF0JQ,Camera,Camera shipped via Express from Port Harcourt to Kano,Port Harcourt,Kano,Express,2024-03-14,1,on time and well packaged
ORDEQFGAS0,Camera,Camera shipped via Express from Kano to Kano,Kano,Kano,Express,2025-01-17,3,tracking updates were helpful
ORDRXVOB7N,Monitor,Monitor shipped via Express from Abuja to Abuja,Abuja,Abuja,Express,2024-09-18,2,on time and well packaged
ORDSRYZX70,Shoes,Shoes shipped via Sea from Kano to Lagos,Kano,Lagos,Sea,2025-10-08,6,fast delivery and great service
ORDZXJQYJV,Headphones,Headphones shipped via Air from Lagos to Lagos,Lagos,Lagos,Air,2025-10-21,0,tracking updates were helpful
ORDOV6SGP3,Backpack,Backpack shipped via Express from Port Harcourt to Ibadan,Port Harcourt,Ibadan,Express,2025-08-23,5,late delivery caused frustration
ORD0175DU2,Headphones,Headphones shipped via Express from Port Harcourt to Abuja,Port Harcourt,Abuja,Express,2025-12-16,5,late delivery caused frustration
ORDAGRD1PP,Backpack,Backpack shipped via Road from Kano to Abuja,Kano,Abuja,Road,2025-01-18,0,package arrived damaged
ORDZHG8Q3G,Smartphone,Smartphone shipped via Sea from Abuja to Abuja,Abuja,Abuja,Sea,2025-02-22,2,poor handling caused delay
ORDWW5FKNJ,Watch,Watch shipped via Road from Lagos to Ibadan,Lagos,Ibadan,Road,2025-05-04,2,poor handling caused delay
ORDYDC1AU9,Laptop,Laptop shipped via Air from Abuja to Ibadan,Abuja,Ibadan,Air,2025-01-19,0,delivery slower than expected
ORDS8JR1VM,Watch,Watch shipped via Sea from Port Harcourt to Abuja,Port Harcourt,Abuja,Sea,2025-11-12,1,tracking updates were helpful
ORDNCMLDQZ,Headphones,Headphones shipped via Air from Lagos to Ibadan,Lagos,Ibadan,Air,2025-06-27,0,late delivery caused frustration
ORD81IQY5S,Shoes,Shoes shipped via Air from Lagos to Port Harcourt,Lagos,Port Harcourt,Air,2025-10-10,6,on time and well packaged
ORD580YIR0,Laptop,Laptop shipped via Express from Port Harcourt to Kano,Port Harcourt,Kano,Express,2025-11-05,4,delayed shipment due to weather
ORD0KHFSU4,Keyboard,Keyboard shipped via Express from Lagos to Abuja,Lagos,Abuja,Express,2024-03-30,5,late delivery caused frustration
ORD399Q68R,Keyboard,Keyboard shipped via Road from Abuja to Abuja,Abuja,Abuja,Road,2024-06-23,4,delayed shipment due to weather
ORDD9B7LNK,Backpack,Backpack shipped via Road from Kano to Lagos,Kano,Lagos,Road,2025-07-01,0,poor handling caused delay
ORDDY571VX,Tablet,Tablet shipped via Express from Kano to Ibadan,Kano,Ibadan,Express,2024-08-26,1,excellent logistics experience
ORDJKEMVG7,Monitor,Monitor shipped via Sea from Port Harcourt to Abuja,Port Harcourt,Abuja,Sea,2025-01-24,3,delivery slower than expected
ORD0LVGNP1,Headphones,Headphones shipped via Road from Ibadan to Ibadan,Ibadan,Ibadan,Road,2024-04-19,0,tracking updates were helpful
ORDA4L3KHY,Headphones,Headphones shipped via Road from Ibadan to Port Harcourt,Ibadan,Port Harcourt,Road,2025-11-12,4,fast delivery and great service
ORDVL9E9ZR,Shoes,Shoes shipped via Express from Kano to Port Harcourt,Kano,Port Harcourt,Express,2024-03-01,2,on time and well packaged
ORDFZ47I07,Headphones,Headphones shipped via Sea from Kano to Kano,Kano,Kano,Sea,2025-11-06,2,package arrived damaged
ORD9TMY91O,Keyboard,Keyboard shipped via Road from Port Harcourt to Port Harcourt,Port Harcourt,Port Harcourt,Road,2025-12-18,4,smooth and fast shipping process
ORDOE1U24Z,Camera,Camera shipped via Road from Abuja to Ibadan,Abuja,Ibadan,Road,2025-03-28,3,poor handling caused delay
ORDKFH00A0,Monitor,Monitor shipped via Express from Lagos to Abuja,Lagos,Abuja,Express,2025-03-13,2,package arrived damaged
ORD7D9GB9X,Monitor,Monitor shipped via Express from Kano to Abuja,Kano,Abuja,Express,2024-09-07,5,fast delivery and great service
ORDEOKVG01,Laptop,Laptop shipped via Sea from Kano to Kano,Kano,Kano,Sea,2025-10-09,0,poor handling caused delay
ORDNECRYSA,Monitor,Monitor shipped via Sea from Ibadan to Kano,Ibadan,Kano,Sea,2025-12-11,4,delayed shipment due to weather
ORD2GRXPUD,Laptop,Laptop shipped via Express from Ibadan to Abuja,Ibadan,Abuja,Express,2025-12-18,4,fast delivery and great service
ORDO32TC4T,Laptop,Laptop shipped via Road from Abuja to Lagos,Abuja,Lagos,Road,2025-09-05,2,package arrived damaged
ORDAQLBUXD,Backpack,Backpack shipped via Air from Lagos to Lagos,Lagos,Lagos,Air,2025-06-02,3,late delivery caused frustration
ORDNTP8AK8,Keyboard,Keyboard shipped via Express from Port Harcourt to Ibadan,Port Harcourt,Ibadan,Express,2024-05-23,0,delivery slower than expected
ORDRL69VSY,Smartphone,Smartphone shipped via Road from Abuja to Lagos,Abuja,Lagos,Road,2024-05-25,4,late delivery caused frustration
ORD4HETVJ0,Tablet,Tablet shipped via Sea from Lagos to Ibadan,Lagos,Ibadan,Sea,2024-09-23,2,tracking updates were helpful
ORDXFQ8Y7F,Shoes,Shoes shipped via Road from Lagos to Port Harcourt,Lagos,Port Harcourt,Road,2025-01-16,1,delivery slower than expected
ORDX3VPF9P,Smartphone,Smartphone shipped via Air from Ibadan to Abuja,Ibadan,Abuja,Air,2024-10-03,5,delayed shipment due to weather
ORDTYOLD62,Headphones,Headphones shipped via Air from Abuja to Port Harcourt,Abuja,Port Harcourt,Air,2024-04-10,1,tracking updates were helpful
ORD9I82ES5,Monitor,Monitor shipped via Sea from Kano to Lagos,Kano,Lagos,Sea,2025-12-18,0,delivery slower than expected
ORD5TV6G8O,Watch,Watch shipped via Express from Ibadan to Ibadan,Ibadan,Ibadan,Express,2025-05-03,0,delivery slower than expected
ORDEASFEN0,Smartphone,Smartphone shipped via Express from Port Harcourt to Abuja,Port Harcourt,Abuja,Express,2025-12-24,4,poor handling caused delay
ORDG92SJP7,Shoes,Shoes shipped via Sea from Port Harcourt to Lagos,Port Harcourt,Lagos,Sea,2025-02-20,0,on time and well packaged
ORD4WCIDUD,Backpack,Backpack shipped via Air from Ibadan to Kano,Ibadan,Kano,Air,2025-03-10,6,smooth and fast shipping process
ORD7ERYYTE,Smartphone,Smartphone shipped via Air from Ibadan to Abuja,Ibadan,Abuja,Air,2025-03-11,0,smooth and fast shipping process
ORD0I0835T,Monitor,Monitor shipped via Express from Lagos to Ibadan,Lagos,Ibadan,Express,2024-06-21,6,smooth and fast shipping process
ORD6GNEMBR,Headphones,Headphones shipped via Sea from Port Harcourt to Lagos,Port Harcourt,Lagos,Sea,2025-11-26,3,excellent logistics experience
ORD344KRJA,Monitor,Monitor shipped via Sea from Kano to Abuja,Kano,Abuja,Sea,2025-10-20,2,smooth and fast shipping process
ORD3BQWRMW,Watch,Watch shipped via Air from Port Harcourt to Port Harcourt,Port Harcourt,Port Harcourt,Air,2024-01-06,1,on time and well packaged
ORD6GMDRDS,Headphones,Headphones shipped via Express from Kano to Lagos,Kano,Lagos,Express,2024-01-08,3,package arrived damaged
ORD1JQNN6T,Backpack,Backpack shipped via Express from Lagos to Kano,Lagos,Kano,Express,2024-06-14,2,package arrived damaged
ORDMPM5HGB,Tablet,Tablet shipped via Air from Kano to Port Harcourt,Kano,Port Harcourt,Air,2024-06-13,5,excellent logistics experience
ORD889ERRY,Headphones,Headphones shipped via Express from Port Harcourt to Kano,Port Harcourt,Kano,Express,2024-05-14,3,delayed shipment due to weather
ORD82EMAYB,Watch,Watch shipped via Air from Kano to Ibadan,Kano,Ibadan,Air,2025-03-20,3,poor handling caused delay
ORDKR1IFSI,Laptop,Laptop shipped via Express from Port Harcourt to Abuja,Port Harcourt,Abuja,Express,2024-07-22,2,poor handling caused delay
ORDZ3ZSG9V,Headphones,Headphones shipped via Road from Abuja to Lagos,Abuja,Lagos,Road,2025-02-14,2,fast delivery and great service
ORDJGFAH5N,Keyboard,Keyboard shipped via Road from Port Harcourt to Abuja,Port Harcourt,Abuja,Road,2024-12-10,3,tracking updates were helpful
ORDRSXKJKM,Tablet,Tablet shipped via Air from Abuja to Port Harcourt,Abuja,Port Harcourt,Air,2024-07-05,0,fast delivery and great service
ORDAXLKKVP,Backpack,Backpack shipped via Sea from Kano to Port Harcourt,Kano,Port Harcourt,Sea,2024-11-07,0,delayed shipment due to weather
ORDDAT5L0N,Monitor,Monitor shipped via Sea from Ibadan to Ibadan,Ibadan,Ibadan,Sea,2024-08-31,4,late delivery caused frustration
ORDHN5E0EV,Shoes,Shoes shipped via Air from Abuja to Kano,Abuja,Kano,Air,2024-03-17,3,smooth and fast shipping process
ORDWKR1TFE,Tablet,Tablet shipped via Sea from Ibadan to Port Harcourt,Ibadan,Port Harcourt,Sea,2025-01-09,2,poor handling caused delay
ORDWEPRS82,Headphones,Headphones shipped via Road from Ibadan to Port Harcourt,Ibadan,Port Harcourt,Road,2024-10-23,3,fast delivery and great service
ORD8C9G3RT,Keyboard,Keyboard shipped via Express from Lagos to Abuja,Lagos,Abuja,Express,2025-06-05,3,tracking updates were helpful
ORDUOVHAUV,Smartphone,Smartphone shipped via Sea from Ibadan to Kano,Ibadan,Kano,Sea,2024-11-06,1,excellent logistics experience
ORDKJEITKX,Backpack,Backpack shipped via Air from Abuja to Port Harcourt,Abuja,Port Harcourt,Air,2025-10-19,1,excellent logistics experience
ORD9HEXW8L,Keyboard,Keyboard shipped via Express from Port Harcourt to Abuja,Port Harcourt,Abuja,Express,2025-09-18,3,late delivery caused frustration
ORDLC33H8G,Smartphone,Smartphone shipped via Air from Ibadan to Ibadan,Ibadan,Ibadan,Air,2025-12-05,1,tracking updates were helpful
ORD8JWVHPL,Shoes,Shoes shipped via Road from Ibadan to Kano,Ibadan,Kano,Road,2025-04-01,3,excellent logistics experience
ORD0PFRRQ3,Headphones,Headphones shipped via Express from Abuja to Ibadan,Abuja,Ibadan,Express,2024-07-03,0,late delivery caused frustration
ORDAFGOVCC,Shoes,Shoes shipped via Air from Kano to Kano,Kano,Kano,Air,2025-06-23,5,package arrived damaged
ORD03VNA31,Smartphone,Smartphone shipped via Air from Abuja to Abuja,Abuja,Abuja,Air,2024-10-01,3,package arrived damaged
ORD7V2A2T3,Laptop,Laptop shipped via Express from Abuja to Abuja,Abuja,Abuja,Express,2025-07-30,3,poor handling caused delay
ORD3LRITJT,Smartphone,Smartphone shipped via Sea from Lagos to Lagos,Lagos,Lagos,Sea,2024-04-15,4,smooth and fast shipping process
ORD5OAIINM,Backpack,Backpack shipped via Air from Abuja to Kano,Abuja,Kano,Air,2025-05-18,6,package arrived damaged
ORD9I8KCMM,Laptop,Laptop shipped via Road from Lagos to Ibadan,Lagos,Ibadan,Road,2024-07-01,5,tracking updates were helpful
ORDTVYFYK3,Watch,Watch shipped via Express from Lagos to Port Harcourt,Lagos,Port Harcourt,Express,2025-11-08,0,on time and well packaged
ORD73ZCA7F,Headphones,Headphones shipped via Express from Port Harcourt to Abuja,Port Harcourt,Abuja,Express,2025-04-02,0,poor handling caused delay
ORD3EP0FLE,Tablet,Tablet shipped via Express from Port Harcourt to Port Harcourt,Port Harcourt,Port Harcourt,Express,2025-03-10,1,poor handling caused delay
ORDYO2M2XI,Tablet,Tablet shipped via Express from Ibadan to Kano,Ibadan,Kano,Express,2025-06-29,3,smooth and fast shipping process
ORD3NUPUY0,Laptop,Laptop shipped via Air from Abuja to Port Harcourt,Abuja,Port Harcourt,Air,2024-07-27,4,fast delivery and great service
ORDNRED6M4,Headphones,Headphones shipped via Road from Port Harcourt to Kano,Port Harcourt,Kano,Road,2025-07-18,1,tracking updates were helpful
ORDI3CE8ZN,Smartphone,Smartphone shipped via Air from Kano to Port Harcourt,Kano,Port Harcourt,Air,2025-12-19,3,delayed shipment due to weather
ORDXC45BNC,Laptop,Laptop shipped via Express from Lagos to Ibadan,Lagos,Ibadan,Express,2024-06-02,1,package arrived damaged
ORDQFS8Q0P,Smartphone,Smartphone shipped via Road from Port Harcourt to Lagos,Port Harcourt,Lagos,Road,2024-03-02,1,fast delivery and great service
ORDVGFOP8Q,Backpack,Backpack shipped via Sea from Ibadan to Ibadan,Ibadan,Ibadan,Sea,2025-12-27,0,excellent logistics experience
ORDPF9S9EH,Monitor,Monitor shipped via Express from Lagos to Abuja,Lagos,Abuja,Express,2024-07-07,1,smooth and fast shipping process
ORDVCYRXON,Smartphone,Smartphone shipped via Road from Port Harcourt to Kano,Port Harcourt,Kano,Road,2024-10-03,0,delayed shipment due to weather
ORDDN2MIFD,Shoes,Shoes shipped via Sea from Ibadan to Lagos,Ibadan,Lagos,Sea,2024-07-11,1,smooth and fast shipping process
ORDH7IDUB9,Camera,Camera shipped via Sea from Lagos to Lagos,Lagos,Lagos,Sea,2024-04-05,5,late delivery caused frustration
ORDAMKOH10,Headphones,Headphones shipped via Express from Lagos to Port Harcourt,Lagos,Port Harcourt,Express,2025-05-30,1,delayed shipment due to weather
ORDS1A2R5B,Headphones,Headphones shipped via Air from Abuja to Kano,Abuja,Kano,Air,2025-10-02,8,delayed shipment due to weather
ORD8IHYFZ9,Keyboard,Keyboard shipped via Sea from Ibadan to Ibadan,Ibadan,Ibadan,Sea,2025-04-03,3,package arrived damaged
ORDMM4P61N,Shoes,Shoes shipped via Air from Ibadan to Ibadan,Ibadan,Ibadan,Air,2024-06-05,3,delivery slower than expected
ORDWR2F5T8,Laptop,Laptop shipped via Express from Kano to Lagos,Kano,Lagos,Express,2024-11-17,1,package arrived damaged
ORD7FKNDG1,Backpack,Backpack shipped via Express from Kano to Port Harcourt,Kano,Port Harcourt,Express,2025-10-27,4,package arrived damaged
ORD78RNKOW,Headphones,Headphones shipped via Sea from Kano to Port Harcourt,Kano,Port Harcourt,Sea,2025-01-17,1,delayed shipment due to weather
ORDYSJ5YWX,Shoes,Shoes shipped via Road from Ibadan to Lagos,Ibadan,Lagos,Road,2024-04-17,3,late delivery caused frustration
ORDNU4I5YM,Camera,Camera shipped via Air from Ibadan to Kano,Ibadan,Kano,Air,2024-03-28,8,package arrived damaged
ORD0771HLL,Monitor,Monitor shipped via Express from Kano to Abuja,Kano,Abuja,Express,2024-04-27,2,late delivery caused frustration
ORDQT8FHU9,Tablet,Tablet shipped via Express from Lagos to Port Harcourt,Lagos,Port Harcourt,Express,2025-04-29,5,excellent logistics experience
ORDB58YJWD,Laptop,Laptop shipped via Air from Port Harcourt to Kano,Port Harcourt,Kano,Air,2024-11-01,1,poor handling caused delay
ORD5SYJ3D6,Watch,Watch shipped via Road from Port Harcourt to Abuja,Port Harcourt,Abuja,Road,2024-12-23,2,tracking updates were helpful
ORDRT28P6U,Smartphone,Smartphone shipped via Road from Ibadan to Ibadan,Ibadan,Ibadan,Road,2024-03-20,6,delivery slower than expected
ORDWL9700L,Headphones,Headphones shipped via Express from Kano to Abuja,Kano,Abuja,Express,2024-11-20,1,delayed shipment due to weather
ORD2YJ0974,Camera,Camera shipped via Air from Ibadan to Lagos,Ibadan,Lagos,Air,2024-08-11,6,excellent logistics experience
ORDPTFNM88,Monitor,Monitor shipped via Sea from Lagos to Port Harcourt,Lagos,Port Harcourt,Sea,2024-01-17,4,late delivery caused frustration
ORD6S5ZXQO,Watch,Watch shipped via Sea from Ibadan to Kano,Ibadan,Kano,Sea,2024-04-26,1,package arrived damaged
ORDQNTFPKX,Tablet,Tablet shipped via Air from Port Harcourt to Ibadan,Port Harcourt,Ibadan,Air,2024-03-30,4,delayed shipment due to weather
ORDDA7D0WT,Camera,Camera shipped via Air from Ibadan to Ibadan,Ibadan,Ibadan,Air,2025-11-14,4,late delivery caused frustration
ORD4H1TE48,Watch,Watch shipped via Express from Kano to Kano,Kano,Kano,Express,2024-01-08,4,on time and well packaged
ORD2SJXL66,Shoes,Shoes shipped via Air from Lagos to Kano,Lagos,Kano,Air,2024-01-16,0,fast delivery and great service
ORDFN33VM8,Tablet,Tablet shipped via Express from Abuja to Ibadan,Abuja,Ibadan,Express,2024-07-16,1,delivery slower than expected
ORDX32UEW9,Headphones,Headphones shipped via Road from Kano to Port Harcourt,Kano,Port Harcourt,Road,2025-03-23,2,excellent logistics experience
ORDD2SW24W,Backpack,Backpack shipped via Sea from Ibadan to Abuja,Ibadan,Abuja,Sea,2024-07-27,2,delayed shipment due to weather
ORDDPWVBZ7,Laptop,Laptop shipped via Air from Ibadan to Kano,Ibadan,Kano,Air,2024-05-13,4,poor handling caused delay
ORDW1GXHG4,Tablet,Tablet shipped via Sea from Port Harcourt to Lagos,Port Harcourt,Lagos,Sea,2024-03-25,3,package arrived damaged
ORDWWUDQVD,Backpack,Backpack shipped via Air from Port Harcourt to Abuja,Port Harcourt,Abuja,Air,2024-03-20,0,poor handling caused delay
ORD46HD2OR,Laptop,Laptop shipped via Express from Abuja to Kano,Abuja,Kano,Express,2024-11-17,3,poor handling caused delay
ORD3GAGUVB,Watch,Watch shipped via Air from Port Harcourt to Kano,Port Harcourt,Kano,Air,2024-06-11,4,smooth and fast shipping process
ORD07GBASF,Watch,Watch shipped via Air from Lagos to Abuja,Lagos,Abuja,Air,2024-12-01,4,package arrived damaged
ORDH07JR8M,Keyboard,Keyboard shipped via Express from Port Harcourt to Kano,Port Harcourt,Kano,Express,2025-03-22,5,smooth and fast shipping process
ORD87JH4Z8,Laptop,Laptop shipped via Sea from Ibadan to Ibadan,Ibadan,Ibadan,Sea,2024-06-18,4,excellent logistics experience
ORD8R5P03W,Monitor,Monitor shipped via Road from Kano to Kano,Kano,Kano,Road,2025-08-03,3,on time and well packaged
ORDNWCGBSV,Backpack,Backpack shipped via Sea from Ibadan to Ibadan,Ibadan,Ibadan,Sea,2025-02-11,2,fast delivery and great service
ORDE3PGIHN,Headphones,Headphones shipped via Air from Port Harcourt to Lagos,Port Harcourt,Lagos,Air,2024-11-22,0,fast delivery and great service
ORDZHULICK,Shoes,Shoes shipped via Air from Ibadan to Abuja,Ibadan,Abuja,Air,2025-07-28,3,late delivery caused frustration
ORDZ83YUXY,Tablet,Tablet shipped via Road from Port Harcourt to Port Harcourt,Port Harcourt,Port Harcourt,Road,2024-07-20,3,fast delivery and great service
ORD2R9PEGL,Tablet,Tablet shipped via Air from Abuja to Ibadan,Abuja,Ibadan,Air,2024-10-18,3,fast delivery and great service
ORDX496K4O,Keyboard,Keyboard shipped via Sea from Ibadan to Lagos,Ibadan,Lagos,Sea,2025-10-22,0,fast delivery and great service
ORDCD20J1O,Keyboard,Keyboard shipped via Air from Port Harcourt to Kano,Port Harcourt,Kano,Air,2025-02-06,0,late delivery caused frustration
ORDZQ48ENW,Smartphone,Smartphone shipped via Air from Abuja to Lagos,Abuja,Lagos,Air,2024-05-22,5,delayed shipment due to weather
ORD950ID03,Keyboard,Keyboard shipped via Sea from Lagos to Lagos,Lagos,Lagos,Sea,2024-02-14,2,delayed shipment due to weather
ORDBKJY2NZ,Headphones,Headphones shipped via Air from Ibadan to Kano,Ibadan,Kano,Air,2024-05-09,4,on time and well packaged
ORD5158OQE,Keyboard,Keyboard shipped via Express from Abuja to Ibadan,Abuja,Ibadan,Express,2025-11-08,3,poor handling caused delay
ORD9L0IJKC,Keyboard,Keyboard shipped via Air from Abuja to Abuja,Abuja,Abuja,Air,2024-03-17,3,poor handling caused delay
ORDCAH3GDH,Monitor,Monitor shipped via Sea from Ibadan to Ibadan,Ibadan,Ibadan,Sea,2024-11-15,4,poor handling caused delay
ORDX4DE7NQ,Monitor,Monitor shipped via Express from Ibadan to Abuja,Ibadan,Abuja,Express,2024-07-11,1,delayed shipment due to weather
ORDKFL5XF5,Laptop,Laptop shipped via Express from Abuja to Lagos,Abuja,Lagos,Express,2024-07-10,3,late delivery caused frustration
ORDBXQJ7DP,Headphones,Headphones shipped via Express from Kano to Ibadan,Kano,Ibadan,Express,2025-06-04,2,on time and well packaged
ORDBJDX0PK,Tablet,Tablet shipped via Sea from Abuja to Ibadan,Abuja,Ibadan,Sea,2025-06-26,2,delivery slower than expected
ORDRPYX8HB,Smartphone,Smartphone shipped via Road from Ibadan to Port Harcourt,Ibadan,Port Harcourt,Road,2024-03-08,2,smooth and fast shipping process
ORDDIWZOD0,Backpack,Backpack shipped via Road from Kano to Abuja,Kano,Abuja,Road,2024-07-27,3,on time and well packaged
ORDWZKAG6W,Backpack,Backpack shipped via Sea from Abuja to Abuja,Abuja,Abuja,Sea,2025-11-28,2,delayed shipment due to weather
ORDFLQ8XPA,Backpack,Backpack shipped via Air from Lagos to Abuja,Lagos,Abuja,Air,2025-08-31,5,on time and well packaged
ORD8URID3U,Backpack,Backpack shipped via Road from Abuja to Ibadan,Abuja,Ibadan,Road,2024-05-30,1,delayed shipment due to weather
ORDD2MRMTX,Backpack,Backpack shipped via Air from Port Harcourt to Kano,Port Harcourt,Kano,Air,2024-12-27,2,late delivery caused frustration
ORDZ6146VE,Keyboard,Keyboard shipped via Express from Lagos to Abuja,Lagos,Abuja,Express,2024-08-13,2,package arrived damaged
ORDMBUZPHD,Tablet,Tablet shipped via Express from Lagos to Port Harcourt,Lagos,Port Harcourt,Express,2025-06-23,5,package arrived damaged
ORDJY5OP9L,Smartphone,Smartphone shipped via Sea from Ibadan to Ibadan,Ibadan,Ibadan,Sea,2025-09-19,3,delayed shipment due to weather
ORDPQ82K8R,Headphones,Headphones shipped via Sea from Kano to Abuja,Kano,Abuja,Sea,2025-09-30,5,smooth and fast shipping process
ORDXKK2ABK,Monitor,Monitor shipped via Express from Lagos to Lagos,Lagos,Lagos,Express,2024-11-09,0,fast delivery and great service
ORDPXAJMK4,Keyboard,Keyboard shipped via Sea from Abuja to Lagos,Abuja,Lagos,Sea,2024-05-26,3,excellent logistics experience
ORDP7KB7IY,Tablet,Tablet shipped via Air from Kano to Kano,Kano,Kano,Air,2024-09-24,4,late delivery caused frustration
ORDVGP52F1,Backpack,Backpack shipped via Road from Abuja to Kano,Abuja,Kano,Road,2024-11-04,3,late delivery caused frustration
ORDDUWTN5P,Headphones,Headphones shipped via Sea from Ibadan to Kano,Ibadan,Kano,Sea,2025-05-30,5,on time and well packaged
ORDQPPOAU8,Tablet,Tablet shipped via Sea from Lagos to Abuja,Lagos,Abuja,Sea,2024-09-05,1,delivery slower than expected
ORDSETUK1O,Tablet,Tablet shipped via Express from Lagos to Kano,Lagos,Kano,Express,2024-02-25,5,delayed shipment due to weather
ORDB3XMDKR,Watch,Watch shipped via Air from Lagos to Lagos,Lagos,Lagos,Air,2025-12-19,7,excellent logistics experience
ORDSU8E6XF,Backpack,Backpack shipped via Road from Lagos to Kano,Lagos,Kano,Road,2024-04-27,2,delayed shipment due to weather
ORDAVEDHR3,Camera,Camera shipped via Air from Kano to Lagos,Kano,Lagos,Air,2024-11-03,2,tracking updates were helpful
ORDRGI4JWP,Monitor,Monitor shipped via Road from Lagos to Kano,Lagos,Kano,Road,2025-10-13,5,fast delivery and great service
ORDG3XG0TR,Backpack,Backpack shipped via Express from Port Harcourt to Lagos,Port Harcourt,Lagos,Express,2025-01-11,6,late delivery caused frustration
ORDOZDPPBQ,Monitor,Monitor shipped via Sea from Kano to Lagos,Kano,Lagos,Sea,2024-02-04,1,delivery slower than expected
ORDQ6MF5QA,Headphones,Headphones shipped via Road from Port Harcourt to Ibadan,Port Harcourt,Ibadan,Road,2024-12-23,2,smooth and fast shipping process
ORDOCXMZMZ,Headphones,Headphones shipped via Express from Port Harcourt to Port Harcourt,Port Harcourt,Port Harcourt,Express,2024-03-10,2,poor handling caused delay
ORDNQXU71S,Headphones,Headphones shipped via Sea from Port Harcourt to Ibadan,Port Harcourt,Ibadan,Sea,2025-08-21,0,delivery slower than expected
ORD3CB0IXR,Camera,Camera shipped via Road from Port Harcourt to Abuja,Port Harcourt,Abuja,Road,2024-04-17,1,package arrived damaged
ORD0N97CJB,Laptop,Laptop shipped via Air from Kano to Port Harcourt,Kano,Port Harcourt,Air,2024-06-27,0,on time and well packaged
ORDDQEWUHR,Backpack,Backpack shipped via Road from Abuja to Abuja,Abuja,Abuja,Road,2025-03-20,1,smooth and fast shipping process
ORD3GUWYH3,Smartphone,Smartphone shipped via Air from Port Harcourt to Kano,Port Harcourt,Kano,Air,2024-12-14,2,package arrived damaged
ORDY80TGH3,Keyboard,Keyboard shipped via Road from Port Harcourt to Port Harcourt,Port Harcourt,Port Harcourt,Road,2024-03-09,3,poor handling caused delay
ORDPNCC2KE,Shoes,Shoes shipped via Sea from Lagos to Ibadan,Lagos,Ibadan,Sea,2024-01-24,6,excellent logistics experience
ORD3K3OM5F,Backpack,Backpack shipped via Road from Lagos to Ibadan,Lagos,Ibadan,Road,2025-06-14,1,delivery slower than expected
ORDSOCZDQ7,Backpack,Backpack shipped via Sea from Lagos to Lagos,Lagos,Lagos,Sea,2025-03-07,4,late delivery caused frustration
ORDH5CH3L1,Smartphone,Smartphone shipped via Air from Abuja to Kano,Abuja,Kano,Air,2025-07-31,2,delivery slower than expected
ORDZ1B98VW,Laptop,Laptop shipped via Road from Ibadan to Kano,Ibadan,Kano,Road,2024-10-04,2,fast delivery and great service
ORDDRIMR25,Shoes,Shoes shipped via Air from Lagos to Lagos,Lagos,Lagos,Air,2024-07-19,4,smooth and fast shipping process
ORDVNYARNN,Headphones,Headphones shipped via Road from Kano to Kano,Kano,Kano,Road,2024-04-28,0,poor handling caused delay
ORDEW6MM7I,Laptop,Laptop shipped via Road from Ibadan to Lagos,Ibadan,Lagos,Road,2025-02-26,3,smooth and fast shipping process
ORDU9AZ3CE,Headphones,Headphones shipped via Sea from Port Harcourt to Lagos,Port Harcourt,Lagos,Sea,2024-12-24,3,delivery slower than expected
ORDXIKVREC,Backpack,Backpack shipped via Express from Ibadan to Abuja,Ibadan,Abuja,Express,2025-12-23,3,on time and well packaged
ORD64PKNT5,Shoes,Shoes shipped via Sea from Ibadan to Port Harcourt,Ibadan,Port Harcourt,Sea,2025-12-15,3,smooth and fast shipping process
ORDSB6ZWKH,Headphones,Headphones shipped via Sea from Ibadan to Abuja,Ibadan,Abuja,Sea,2025-07-20,7,excellent logistics experience
ORDE02BIP1,Laptop,Laptop shipped via Air from Lagos to Kano,Lagos,Kano,Air,2024-10-03,1,late delivery caused frustration
ORDVK8C4NA,Tablet,Tablet shipped via Air from Kano to Kano,Kano,Kano,Air,2024-08-17,1,excellent logistics experience
ORDNXTXB17,Monitor,Monitor shipped via Road from Port Harcourt to Port Harcourt,Port Harcourt,Port Harcourt,Road,2024-01-29,1,on time and well packaged
ORD0W52713,Keyboard,Keyboard shipped via Express from Kano to Port Harcourt,Kano,Port Harcourt,Express,2025-03-10,1,delivery slower than expected
ORDZ1J8Q9I,Smartphone,Smartphone shipped via Air from Port Harcourt to Port Harcourt,Port Harcourt,Port Harcourt,Air,2024-09-12,1,smooth and fast shipping process
ORDKUBJJJX,Monitor,Monitor shipped via Sea from Lagos to Lagos,Lagos,Lagos,Sea,2025-08-05,5,on time and well packaged
ORD44PAABM,Keyboard,Keyboard shipped via Air from Abuja to Kano,Abuja,Kano,Air,2025-08-16,5,delayed shipment due to weather
ORDJVLCG1J,Camera,Camera shipped via Road from Abuja to Abuja,Abuja,Abuja,Road,2024-05-30,1,delivery slower than expected
ORDXIXGSPL,Keyboard,Keyboard shipped via Sea from Abuja to Lagos,Abuja,Lagos,Sea,2024-09-20,1,fast delivery and great service
ORDY4MZVMC,Camera,Camera shipped via Air from Lagos to Ibadan,Lagos,Ibadan,Air,2024-08-30,3,excellent logistics experience
ORDLN3OX5F,Watch,Watch shipped via Sea from Ibadan to Port Harcourt,Ibadan,Port Harcourt,Sea,2025-02-21,1,on time and well packaged
ORDQ9WFB76,Smartphone,Smartphone shipped via Road from Lagos to Ibadan,Lagos,Ibadan,Road,2024-11-16,4,smooth and fast shipping process
ORDZ02Z7NU,Headphones,Headphones shipped via Air from Kano to Lagos,Kano,Lagos,Air,2024-08-17,3,delivery slower than expected
ORDSUTP04S,Smartphone,Smartphone shipped via Express from Ibadan to Kano,Ibadan,Kano,Express,2024-11-20,0,late delivery caused frustration
ORDHU6L29I,Watch,Watch shipped via Express from Lagos to Abuja,Lagos,Abuja,Express,2025-02-23,6,on time and well packaged
ORDCUCNRI2,Shoes,Shoes shipped via Road from Ibadan to Abuja,Ibadan,Abuja,Road,2025-02-21,6,delivery slower than expected
ORDXV2MEOS,Headphones,Headphones shipped via Road from Ibadan to Kano,Ibadan,Kano,Road,2024-07-03,1,poor handling caused delay
ORDAEJT70E,Smartphone,Smartphone shipped via Road from Kano to Lagos,Kano,Lagos,Road,2024-03-15,2,package arrived damaged
ORDSTNPEZI,Backpack,Backpack shipped via Sea from Lagos to Port Harcourt,Lagos,Port Harcourt,Sea,2025-08-28,3,delivery slower than expected
ORDW9B0MQO,Camera,Camera shipped via Express from Kano to Port Harcourt,Kano,Port Harcourt,Express,2025-12-17,3,package arrived damaged
ORD00V3SFA,Monitor,Monitor shipped via Express from Port Harcourt to Kano,Port Harcourt,Kano,Express,2024-11-24,4,poor handling caused delay
ORDG0K1IRB,Keyboard,Keyboard shipped via Express from Ibadan to Ibadan,Ibadan,Ibadan,Express,2024-10-19,7,on time and well packaged
ORDN18B850,Tablet,Tablet shipped via Sea from Ibadan to Port Harcourt,Ibadan,Port Harcourt,Sea,2024-04-11,2,on time and well packaged
ORDKEJP5K7,Monitor,Monitor shipped via Sea from Lagos to Abuja,Lagos,Abuja,Sea,2024-05-24,1,delayed shipment due to weather
ORDH41A68T,Shoes,Shoes shipped via Air from Lagos to Kano,Lagos,Kano,Air,2025-01-13,0,excellent logistics experience
ORDK8PQEQ7,Laptop,Laptop shipped via Express from Kano to Kano,Kano,Kano,Express,2024-09-26,1,delayed shipment due to weather
ORD590EMC2,Laptop,Laptop shipped via Sea from Port Harcourt to Abuja,Port Harcourt,Abuja,Sea,2024-10-09,2,poor handling caused delay
ORDWS1ZL7P,Keyboard,Keyboard shipped via Air from Port Harcourt to Abuja,Port Harcourt,Abuja,Air,2025-10-11,6,fast delivery and great service
ORDIV5HHQR,Headphones,Headphones shipped via Road from Kano to Port Harcourt,Kano,Port Harcourt,Road,2024-07-22,1,delayed shipment due to weather
ORD840ACUH,Headphones,Headphones shipped via Sea from Lagos to Kano,Lagos,Kano,Sea,2025-09-20,3,tracking updates were helpful
ORDWIMT854,Backpack,Backpack shipped via Express from Kano to Kano,Kano,Kano,Express,2025-09-04,2,on time and well packaged
ORDTKH861P,Camera,Camera shipped via Express from Port Harcourt to Abuja,Port Harcourt,Abuja,Express,2024-04-28,5,package arrived damaged
ORDQLEZZ1R,Camera,Camera shipped via Road from Ibadan to Kano,Ibadan,Kano,Road,2024-01-30,8,late delivery caused frustration
ORDJH4OULY,Tablet,Tablet shipped via Express from Kano to Kano,Kano,Kano,Express,2025-02-12,1,late delivery caused frustration
ORD6J0M3LO,Monitor,Monitor shipped via Road from Abuja to Ibadan,Abuja,Ibadan,Road,2025-10-02,2,delayed shipment due to weather
ORD8WLVA02,Laptop,Laptop shipped via Air from Port Harcourt to Port Harcourt,Port Harcourt,Port Harcourt,Air,2025-11-01,5,fast delivery and great service
ORDSNHFT4I,Headphones,Headphones shipped via Express from Port Harcourt to Port Harcourt,Port Harcourt,Port Harcourt,Express,2024-08-08,4,smooth and fast shipping process
ORD07BA7DO,Camera,Camera shipped via Sea from Lagos to Abuja,Lagos,Abuja,Sea,2024-11-04,6,fast delivery and great service
ORDI1IJE2X,Headphones,Headphones shipped via Air from Port Harcourt to Lagos,Port Harcourt,Lagos,Air,2024-03-16,4,smooth and fast shipping process
ORDZ1OA3VF,Monitor,Monitor shipped via Sea from Kano to Abuja,Kano,Abuja,Sea,2024-11-27,2,tracking updates were helpful
ORDSAJHJXQ,Backpack,Backpack shipped via Road from Kano to Lagos,Kano,Lagos,Road,2025-02-20,4,smooth and fast shipping process
ORDKKZSN90,Watch,Watch shipped via Express from Ibadan to Lagos,Ibadan,Lagos,Express,2024-08-17,5,delivery slower than expected
ORD9OINUXL,Laptop,Laptop shipped via Road from Lagos to Ibadan,Lagos,Ibadan,Road,2024-07-31,4,poor handling caused delay
ORDVDO4S41,Smartphone,Smartphone shipped via Express from Kano to Port Harcourt,Kano,Port Harcourt,Express,2024-11-14,4,on time and well packaged
ORD4BYV5JH,Keyboard,Keyboard shipped via Express from Kano to Ibadan,Kano,Ibadan,Express,2024-11-16,5,excellent logistics experience
ORDLZS49CD,Laptop,Laptop shipped via Air from Kano to Abuja,Kano,Abuja,Air,2024-06-14,5,smooth and fast shipping process
ORD0FP8BPG,Keyboard,Keyboard shipped via Express from Kano to Abuja,Kano,Abuja,Express,2025-02-12,5,fast delivery and great service
ORDKPK7YSW,Watch,Watch shipped via Road from Ibadan to Abuja,Ibadan,Abuja,Road,2024-10-24,4,smooth and fast shipping process
ORDY28NVQH,Watch,Watch shipped via Express from Abuja to Abuja,Abuja,Abuja,Express,2024-01-11,2,on time and well packaged
ORDOFC9LGY,Keyboard,Keyboard shipped via Air from Kano to Port Harcourt,Kano,Port Harcourt,Air,2024-03-03,3,delivery slower than expected
ORDQFMUIW7,Backpack,Backpack shipped via Sea from Port Harcourt to Kano,Port Harcourt,Kano,Sea,2025-01-11,5,delivery slower than expected
ORD17UXHVD,Shoes,Shoes shipped via Sea from Port Harcourt to Abuja,Port Harcourt,Abuja,Sea,2025-07-31,1,delayed shipment due to weather
ORDESXNU4V,Monitor,Monitor shipped via Road from Kano to Abuja,Kano,Abuja,Road,2024-01-03,3,excellent logistics experience
ORD9D2FF5L,Smartphone,Smartphone shipped via Express from Abuja to Ibadan,Abuja,Ibadan,Express,2025-03-11,2,poor handling caused delay
ORDLSEUNNR,Backpack,Backpack shipped via Air from Ibadan to Port Harcourt,Ibadan,Port Harcourt,Air,2025-09-11,3,excellent logistics experience
ORD884Z4UR,Backpack,Backpack shipped via Express from Lagos to Ibadan,Lagos,Ibadan,Express,2025-10-29,5,on time and well packaged
ORDG541MPW,Shoes,Shoes shipped via Road from Kano to Port Harcourt,Kano,Port Harcourt,Road,2024-01-11,3,excellent logistics experience
ORDPSALDNJ,Smartphone,Smartphone shipped via Air from Ibadan to Port Harcourt,Ibadan,Port Harcourt,Air,2025-10-24,3,late delivery caused frustration
ORDXO9ZJCU,Smartphone,Smartphone shipped via Express from Kano to Ibadan,Kano,Ibadan,Express,2025-05-17,0,package arrived damaged
ORDR513BB6,Headphones,Headphones shipped via Air from Abuja to Abuja,Abuja,Abuja,Air,2025-03-05,4,delayed shipment due to weather
ORDCWCDT9G,Monitor,Monitor shipped via Sea from Lagos to Port Harcourt,Lagos,Port Harcourt,Sea,2025-12-27,4,package arrived damaged
ORD6V7S7O4,Smartphone,Smartphone shipped via Road from Lagos to Abuja,Lagos,Abuja,Road,2024-09-30,7,delayed shipment due to weather
ORDGBVYOW4,Smartphone,Smartphone shipped via Sea from Port Harcourt to Port Harcourt,Port Harcourt,Port Harcourt,Sea,2024-04-30,2,on time and well packaged
ORDQ4D7D7G,Laptop,Laptop shipped via Air from Abuja to Port Harcourt,Abuja,Port Harcourt,Air,2024-06-22,3,fast delivery and great service
ORDHNC0I4X,Shoes,Shoes shipped via Air from Abuja to Port Harcourt,Abuja,Port Harcourt,Air,2025-01-23,3,late delivery caused frustration
ORDGFLIG5G,Backpack,Backpack shipped via Sea from Port Harcourt to Kano,Port Harcourt,Kano,Sea,2024-04-04,6,poor handling caused delay
ORDMN1S3YG,Monitor,Monitor shipped via Road from Kano to Abuja,Kano,Abuja,Road,2025-12-20,2,tracking updates were helpful
ORDM32HZS3,Backpack,Backpack shipped via Road from Lagos to Ibadan,Lagos,Ibadan,Road,2024-09-21,3,excellent logistics experience
ORDQBEXGFV,Watch,Watch shipped via Air from Ibadan to Kano,Ibadan,Kano,Air,2024-11-26,4,delayed shipment due to weather
ORDW5APMXD,Watch,Watch shipped via Express from Port Harcourt to Abuja,Port Harcourt,Abuja,Express,2025-07-13,3,package arrived damaged
ORD1PWVZ0R,Shoes,Shoes shipped via Sea from Port Harcourt to Port Harcourt,Port Harcourt,Port Harcourt,Sea,2025-05-09,2,tracking updates were helpful
ORDK8516SP,Backpack,Backpack shipped via Air from Ibadan to Kano,Ibadan,Kano,Air,2024-06-16,3,smooth and fast shipping process
ORDFKVZS8U,Headphones,Headphones shipped via Air from Abuja to Port Harcourt,Abuja,Port Harcourt,Air,2024-04-02,5,late delivery caused frustration
ORD2FMOQXH,Headphones,Headphones shipped via Air from Port Harcourt to Port Harcourt,Port Harcourt,Port Harcourt,Air,2024-07-08,0,excellent logistics experience
ORD4P0FT1A,Headphones,Headphones shipped via Express from Port Harcourt to Lagos,Port Harcourt,Lagos,Express,2025-07-17,3,tracking updates were helpful
ORDZ6Y3Z1D,Headphones,Headphones shipped via Express from Port Harcourt to Abuja,Port Harcourt,Abuja,Express,2024-11-30,1,late delivery caused frustration
ORD30POCR0,Monitor,Monitor shipped via Road from Lagos to Abuja,Lagos,Abuja,Road,2024-08-28,5,on time and well packaged
ORDNSAVOCI,Camera,Camera shipped via Road from Abuja to Lagos,Abuja,Lagos,Road,2024-11-05,0,tracking updates were helpful
ORDDNGFLYR,Backpack,Backpack shipped via Road from Kano to Abuja,Kano,Abuja,Road,2025-02-11,1,smooth and fast shipping process
ORD4QCYD52,Smartphone,Smartphone shipped via Road from Abuja to Port Harcourt,Abuja,Port Harcourt,Road,2025-08-11,3,smooth and fast shipping process
ORDNQR8O1K,Backpack,Backpack shipped via Express from Lagos to Ibadan,Lagos,Ibadan,Express,2025-05-29,6,on time and well packaged
ORD2Z48EGP,Tablet,Tablet shipped via Air from Lagos to Abuja,Lagos,Abuja,Air,2024-12-11,2,delivery slower than expected
ORDJSW5PQB,Camera,Camera shipped via Air from Kano to Port Harcourt,Kano,Port Harcourt,Air,2025-09-05,1,on time and well packaged
ORDJMK3TGM,Smartphone,Smartphone shipped via Sea from Kano to Port Harcourt,Kano,Port Harcourt,Sea,2025-10-13,6,fast delivery and great service
ORDVMB0IDD,Headphones,Headphones shipped via Sea from Kano to Kano,Kano,Kano,Sea,2024-12-19,0,poor handling caused delay
ORDYI340SQ,Laptop,Laptop shipped via Air from Port Harcourt to Port Harcourt,Port Harcourt,Port Harcourt,Air,2024-05-30,0,delivery slower than expected
ORD9W5N9C7,Backpack,Backpack shipped via Air from Kano to Kano,Kano,Kano,Air,2024-07-07,3,late delivery caused frustration
ORDZ0C682U,Backpack,Backpack shipped via Road from Ibadan to Ibadan,Ibadan,Ibadan,Road,2025-12-11,1,fast delivery and great service
ORDNR1P02J,Smartphone,Smartphone shipped via Road from Ibadan to Kano,Ibadan,Kano,Road,2025-11-25,0,late delivery caused frustration
ORDJOAOEJV,Watch,Watch shipped via Road from Lagos to Abuja,Lagos,Abuja,Road,2024-01-19,4,on time and well packaged
ORDHW0VQPV,Keyboard,Keyboard shipped via Air from Kano to Kano,Kano,Kano,Air,2024-12-17,3,on time and well packaged
ORDL3F4RTG,Tablet,Tablet shipped via Air from Port Harcourt to Kano,Port Harcourt,Kano,Air,2025-11-07,1,delivery slower than expected
ORD8WUMH9N,Backpack,Backpack shipped via Express from Port Harcourt to Kano,Port Harcourt,Kano,Express,2024-01-31,0,package arrived damaged
ORDWGMP9A9,Keyboard,Keyboard shipped via Express from Kano to Abuja,Kano,Abuja,Express,2025-07-04,4,package arrived damaged
ORDN8EOHDK,Headphones,Headphones shipped via Express from Kano to Ibadan,Kano,Ibadan,Express,2024-12-26,4,excellent logistics experience
ORDPVLND58,Watch,Watch shipped via Express from Ibadan to Ibadan,Ibadan,Ibadan,Express,2024-08-18,2,tracking updates were helpful
ORDRQ3Q7GK,Keyboard,Keyboard shipped via Road from Port Harcourt to Kano,Port Harcourt,Kano,Road,2025-11-30,6,delayed shipment due to weather
ORDNX9OWWE,Monitor,Monitor shipped via Express from Ibadan to Lagos,Ibadan,Lagos,Express,2024-01-24,0,on time and well packaged
ORDVFWY8AV,Tablet,Tablet shipped via Road from Ibadan to Ibadan,Ibadan,Ibadan,Road,2024-06-14,0,poor handling caused delay
ORDN5G77LK,Smartphone,Smartphone shipped via Express from Abuja to Ibadan,Abuja,Ibadan,Express,2025-04-15,1,excellent logistics experience
ORDYPIGQX2,Watch,Watch shipped via Express from Abuja to Abuja,Abuja,Abuja,Express,2024-03-12,2,fast delivery and great service
ORD0YOSQN2,Backpack,Backpack shipped via Air from Ibadan to Lagos,Ibadan,Lagos,Air,2025-03-25,3,poor handling caused delay
ORD3C330BO,Keyboard,Keyboard shipped via Air from Kano to Kano,Kano,Kano,Air,2024-04-16,2,package arrived damaged
ORD41U2ZNX,Headphones,Headphones shipped via Road from Abuja to Kano,Abuja,Kano,Road,2024-09-27,3,delayed shipment due to weather
ORDLYQZ11M,Camera,Camera shipped via Sea from Port Harcourt to Kano,Port Harcourt,Kano,Sea,2025-08-04,0,late delivery caused frustration
ORDV1FKHNN,Backpack,Backpack shipped via Sea from Port Harcourt to Abuja,Port Harcourt,Abuja,Sea,2025-05-01,5,poor handling caused delay
ORDYF2EV4J,Shoes,Shoes shipped via Sea from Lagos to Abuja,Lagos,Abuja,Sea,2024-05-31,2,delivery slower than expected
ORDANS5SR6,Watch,Watch shipped via Sea from Abuja to Ibadan,Abuja,Ibadan,Sea,2025-06-19,5,on time and well packaged
ORDN7X5RRN,Laptop,Laptop shipped via Sea from Port Harcourt to Abuja,Port Harcourt,Abuja,Sea,2024-07-30,3,excellent logistics experience
ORDFV0EHRU,Smartphone,Smartphone shipped via Road from Ibadan to Abuja,Ibadan,Abuja,Road,2025-01-07,3,fast delivery and great service
ORDODLCTT0,Laptop,Laptop shipped via Road from Lagos to Kano,Lagos,Kano,Road,2024-09-07,4,late delivery caused frustration
ORD2G74IZG,Monitor,Monitor shipped via Sea from Port Harcourt to Ibadan,Port Harcourt,Ibadan,Sea,2024-04-03,3,excellent logistics experience
ORD076EKHI,Monitor,Monitor shipped via Air from Kano to Kano,Kano,Kano,Air,2025-07-03,4,fast delivery and great service
ORDLWHEDHT,Shoes,Shoes shipped via Sea from Ibadan to Kano,Ibadan,Kano,Sea,2025-08-05,5,fast delivery and great service
ORDU5E51H3,Monitor,Monitor shipped via Sea from Kano to Lagos,Kano,Lagos,Sea,2025-02-20,3,delivery slower than expected
ORDJWLRKXJ,Keyboard,Keyboard shipped via Sea from Abuja to Port Harcourt,Abuja,Port Harcourt,Sea,2025-11-25,4,smooth and fast shipping process
ORDSWE1GA6,Keyboard,Keyboard shipped via Road from Kano to Kano,Kano,Kano,Road,2024-07-02,2,delayed shipment due to weather
ORD1YD5MY3,Shoes,Shoes shipped via Road from Lagos to Abuja,Lagos,Abuja,Road,2024-11-10,5,smooth and fast shipping process
ORDK1QY7HY,Watch,Watch shipped via Express from Abuja to Abuja,Abuja,Abuja,Express,2024-06-24,1,package arrived damaged
ORDVF89X22,Backpack,Backpack shipped via Express from Abuja to Port Harcourt,Abuja,Port Harcourt,Express,2024-11-06,6,on time and well packaged
ORDFMM0QPO,Tablet,Tablet shipped via Air from Lagos to Kano,Lagos,Kano,Air,2025-02-22,2,on time and well packaged
ORDXFQJ3HX,Backpack,Backpack shipped via Air from Port Harcourt to Port Harcourt,Port Harcourt,Port Harcourt,Air,2024-11-25,0,tracking updates were helpful
ORD2LUHHS4,Laptop,Laptop shipped via Road from Lagos to Abuja,Lagos,Abuja,Road,2024-11-29,3,poor handling caused delay
ORD7V882O8,Camera,Camera shipped via Express from Abuja to Port Harcourt,Abuja,Port Harcourt,Express,2024-03-01,1,delayed shipment due to weather
ORDCMTPKQ5,Laptop,Laptop shipped via Road from Port Harcourt to Kano,Port Harcourt,Kano,Road,2024-06-03,4,delivery slower than expected
ORDKHDIU1J,Keyboard,Keyboard shipped via Road from Port Harcourt to Lagos,Port Harcourt,Lagos,Road,2024-03-10,1,on time and well packaged
ORD8N10HLI,Watch,Watch shipped via Sea from Port Harcourt to Abuja,Port Harcourt,Abuja,Sea,2024-09-18,2,delivery slower than expected
ORD0AEOORB,Keyboard,Keyboard shipped via Sea from Lagos to Ibadan,Lagos,Ibadan,Sea,2024-01-17,0,delivery slower than expected
ORDPBS22RU,Laptop,Laptop shipped via Air from Lagos to Ibadan,Lagos,Ibadan,Air,2025-07-25,2,delayed shipment due to weather
ORDT24D7V9,Laptop,Laptop shipped via Express from Kano to Port Harcourt,Kano,Port Harcourt,Express,2025-04-07,0,package arrived damaged
ORDXCXMSY3,Tablet,Tablet shipped via Sea from Lagos to Kano,Lagos,Kano,Sea,2024-01-07,0,delivery slower than expected
ORD3AIPJIY,Watch,Watch shipped via Road from Ibadan to Kano,Ibadan,Kano,Road,2025-08-11,4,on time and well packaged
ORD6ZUGFLD,Keyboard,Keyboard shipped via Road from Ibadan to Lagos,Ibadan,Lagos,Road,2025-07-07,4,on time and well packaged
ORD8LLIHKP,Backpack,Backpack shipped via Sea from Abuja to Abuja,Abuja,Abuja,Sea,2024-01-28,3,package arrived damaged
ORD57E8A54,Shoes,Shoes shipped via Express from Kano to Lagos,Kano,Lagos,Express,2025-03-25,1,tracking updates were helpful
ORDH1VE8SU,Keyboard,Keyboard shipped via Road from Lagos to Abuja,Lagos,Abuja,Road,2024-05-03,2,poor handling caused delay
ORD0M9OHDS,Camera,Camera shipped via Air from Port Harcourt to Ibadan,Port Harcourt,Ibadan,Air,2025-04-12,2,fast delivery and great service
ORDA2O4M84,Tablet,Tablet shipped via Air from Port Harcourt to Abuja,Port Harcourt,Abuja,Air,2025-10-28,0,tracking updates were helpful
ORD5A806B4,Headphones,Headphones shipped via Road from Ibadan to Lagos,Ibadan,Lagos,Road,2025-06-15,6,package arrived damaged
ORDFQBVH0K,Monitor,Monitor shipped via Express from Kano to Abuja,Kano,Abuja,Express,2024-06-25,4,package arrived damaged
ORD7803G5D,Headphones,Headphones shipped via Road from Lagos to Kano,Lagos,Kano,Road,2024-11-09,2,tracking updates were helpful
ORDW6JL2L5,Smartphone,Smartphone shipped via Air from Abuja to Kano,Abuja,Kano,Air,2025-07-06,3,tracking updates were helpful
ORD10GDMIP,Laptop,Laptop shipped via Express from Lagos to Kano,Lagos,Kano,Express,2025-03-01,3,smooth and fast shipping process
ORDP43AR6J,Watch,Watch shipped via Air from Ibadan to Port Harcourt,Ibadan,Port Harcourt,Air,2025-05-04,0,poor handling caused delay
ORD04HHE7I,Laptop,Laptop shipped via Sea from Lagos to Kano,Lagos,Kano,Sea,2025-09-21,2,delayed shipment due to weather
ORDIJ0KZQV,Keyboard,Keyboard shipped via Road from Ibadan to Port Harcourt,Ibadan,Port Harcourt,Road,2024-12-01,1,tracking updates were helpful
ORDNF0402W,Shoes,Shoes shipped via Road from Abuja to Lagos,Abuja,Lagos,Road,2025-10-11,0,fast delivery and great service
ORD4IOAR4G,Monitor,Monitor shipped via Road from Kano to Kano,Kano,Kano,Road,2025-04-09,2,delivery slower than expected
ORDJP0XSM9,Headphones,Headphones shipped via Express from Port Harcourt to Port Harcourt,Port Harcourt,Port Harcourt,Express,2025-07-16,6,poor handling caused delay
ORDXYMSCNX,Keyboard,Keyboard shipped via Road from Abuja to Lagos,Abuja,Lagos,Road,2025-04-13,4,delayed shipment due to weather
ORDEZEMQT7,Keyboard,Keyboard shipped via Road from Abuja to Kano,Abuja,Kano,Road,2024-05-25,1,excellent logistics experience
ORD1H0S2UT,Smartphone,Smartphone shipped via Road from Ibadan to Port Harcourt,Ibadan,Port Harcourt,Road,2025-12-11,4,smooth and fast shipping process
